Episode,Unnamed: 0,Training_Accuracy,Validation_Accuracy
,100.0,0.0,0.0
,101.0,0.5555555555555556,0.0
,102.0,0.3333333333333333,0.2857142857142857
,103.0,0.7297297297297297,0.0
,104.0,0.7647058823529411,0.0967741935483871
,105.0,0.1333333333333333,0.4761904761904761
,106.0,0.074074074074074,0.5769230769230769
,107.0,0.0,0.1851851851851851
,108.0,0.0,0.8571428571428571
,109.0,0.4516129032258064,0.5
,110.0,0.088235294117647,0.9333333333333332
,111.0,0.0,0.85
,112.0,0.0,0.0
,113.0,0.0,0.0
,114.0,0.1176470588235294,0.2702702702702703
,115.0,0.0,0.8484848484848485
,116.0,0.217391304347826,0.0
,117.0,0.4705882352941176,0.0
,118.0,0.7222222222222222,0.32
,119.0,0.0,0.0
,120.0,0.074074074074074,0.0
,121.0,0.0,0.0
,122.0,0.3448275862068966,0.6470588235294118
,123.0,0.8076923076923077,0.4418604651162791
,124.0,0.6065573770491803,0.3809523809523809
,125.0,0.7333333333333333,0.375
,126.0,0.0,0.6547619047619048
,127.0,0.71875,0.0
,128.0,0.8620689655172413,0.3055555555555556
,129.0,0.0,0.5
,130.0,0.0,0.2857142857142857
,131.0,0.0,0.0
,132.0,0.0,0.0
,133.0,0.4444444444444444,0.0
,134.0,0.2307692307692307,0.0
,135.0,0.6911764705882353,0.6888888888888889
,136.0,0.5,0.2857142857142857
,137.0,0.6111111111111112,0.0
,138.0,0.6153846153846154,0.2962962962962963
,139.0,0.0,0.0
,140.0,0.0,0.0357142857142857
,141.0,0.0,0.0
,142.0,0.0,0.4848484848484848
,143.0,0.6111111111111112,0.0
,144.0,0.0,0.0
,145.0,0.0,0.0
,146.0,0.0,0.0
,147.0,0.5909090909090909,0.0
,148.0,0.2352941176470588,0.375
,149.0,0.0,0.0
,150.0,0.3125,0.15
,151.0,0.0,0.0
,152.0,0.0,0.5454545454545454
,153.0,0.0,0.3888888888888889
,154.0,0.0,0.35
,155.0,0.8157894736842105,0.0
,156.0,0.0,0.0
,157.0,0.7073170731707317,0.0
,158.0,0.0,0.65
,159.0,0.7727272727272727,0.0
,160.0,0.3513513513513513,0.5
,161.0,0.0,0.0
,162.0,0.6451612903225806,0.0
,163.0,0.5517241379310345,0.0
,164.0,0.0,0.0
,165.0,0.0,0.6530612244897959
,166.0,0.75,0.3181818181818182
,167.0,0.8666666666666667,0.0
,168.0,0.0,0.5
,169.0,0.6190476190476191,0.375
,170.0,0.0,0.0
,171.0,0.8181818181818182,0.8181818181818182
,172.0,0.0,0.0
,173.0,0.0,0.0
,174.0,0.0,0.7073170731707317
,175.0,0.3333333333333333,0.0
,176.0,0.6896551724137931,0.1111111111111111
,177.0,0.0,0.5
,178.0,0.0,0.0
,179.0,0.0588235294117647,0.2670226969292386
,180.0,0.2941176470588235,0.0
,181.0,0.0,0.0
,182.0,0.375,0.0
,183.0,0.7222222222222222,0.0
,184.0,0.0,0.0
,185.0,0.4285714285714285,0.4
,186.0,0.0,0.0
,187.0,0.5294117647058824,0.0
,188.0,0.7777777777777778,0.0
,189.0,0.0,0.1538461538461538
,190.0,0.1176470588235294,0.3870967741935484
,191.0,0.3806818181818182,0.0
,192.0,0.75,0.0
,193.0,0.0,0.7857142857142857
,194.0,0.0,0.0
,195.0,0.0,0.75
,196.0,0.4761904761904761,0.0
,197.0,0.5789473684210527,0.7333333333333333
,198.0,0.0,0.375
,199.0,0.7647058823529411,0.25
,200.0,0.4285714285714285,0.0
,201.0,0.0,0.217391304347826
,202.0,0.4838709677419355,0.0
,203.0,1.0,0.2195121951219512
,204.0,0.0,0.0
,205.0,0.0,0.3947368421052631
,206.0,0.3166666666666666,0.0
,207.0,0.65625,0.1764705882352941
,208.0,0.0,0.0
,209.0,0.7,0.71875
,210.0,0.0,0.0
,211.0,0.8,0.0
,212.0,0.0,0.0
,213.0,0.0,0.5714285714285714
,214.0,0.0,0.0333333333333333
,215.0,0.0,0.0
,216.0,0.0,0.0
,217.0,0.1111111111111111,0.6328888888888792
,218.0,0.0,0.0
,219.0,0.6129032258064516,0.0
,220.0,0.0,0.0
,221.0,0.0,0.0
,222.0,0.0,0.4
,223.0,0.8214285714285714,0.4838709677419355
,224.0,0.5588235294117647,0.0
,225.0,0.0,0.0
,226.0,0.6923076923076923,0.0
,227.0,0.0714285714285714,0.2631578947368421
,228.0,0.0,0.0
,229.0,0.5,0.0
,230.0,0.1111111111111111,0.6190476190476191
,231.0,0.6666666666666666,0.0
,232.0,0.5714285714285714,0.0
,233.0,0.0606060606060606,0.0
,234.0,0.5113636363636364,0.8292682926829268
,235.0,0.0,0.0869565217391304
,236.0,0.0,0.0909090909090909
,237.0,0.6428571428571429,0.2
,238.0,0.0,0.0
,239.0,0.7666666666666667,0.3671562082777032
,240.0,0.55,0.0
,241.0,0.0,0.0
,242.0,0.0,0.0
,243.0,0.0,0.0
,244.0,0.0,0.5
,245.0,0.796875,0.1153846153846153
,246.0,0.2777777777777778,0.8387096774193549
,247.0,0.7142857142857143,0.28
,248.0,0.0,0.0
,249.0,0.0,0.0
,250.0,0.0555555555555555,0.0
,251.0,0.8,0.0963855421686747
,252.0,0.4705882352941176,0.15
,253.0,0.0,0.3
,254.0,0.0,0.0
,255.0,0.0,0.0
,256.0,1.0,0.0
,257.0,0.0,0.0
,258.0,0.6326530612244898,0.0
,259.0,0.0,0.0
,260.0,0.4482758620689655,0.0
,261.0,0.3846153846153846,0.0
,262.0,0.7142857142857143,0.0
,263.0,0.0,0.0
,264.0,0.5238095238095238,0.2352941176470588
,265.0,0.7021276595744681,0.0
,266.0,0.0,0.675
,267.0,0.0,0.6
,268.0,0.1666666666666666,0.0
,269.0,0.0,0.0
,270.0,0.0,0.0
,271.0,0.9666666666666668,0.0
,272.0,0.0,0.0
,273.0,0.0,0.0
,274.0,0.3809523809523809,0.7126436781609196
,275.0,0.0,0.5666666666666667
,276.0,0.0,0.9285714285714286
,277.0,0.0,0.0
,278.0,0.0,0.2727272727272727
,279.0,0.0,0.1489361702127659
,280.0,0.7692307692307693,0.0
,281.0,0.5277777777777778,0.5714285714285714
,282.0,0.0,0.3055555555555556
,283.0,0.0,0.7380952380952381
,284.0,0.25,0.0909090909090909
,285.0,0.7738095238095238,0.0
,286.0,0.3461538461538461,0.0
,287.0,0.3448275862068966,0.0
,288.0,0.6666666666666666,0.0
,289.0,0.6666666666666666,0.0843373493975903
,290.0,0.0,0.0
,291.0,0.0,0.0
,292.0,0.4615384615384615,0.3181818181818182
,293.0,0.6363636363636364,0.0
,294.0,0.0,0.6170212765957447
,295.0,0.0,0.25
,296.0,0.2340425531914893,0.5
,297.0,0.7916666666666666,0.0
,298.0,0.7111111111111111,0.0
,299.0,0.6607142857142857,0.2222222222222222
,300.0,0.0,0.2962962962962963
,301.0,0.8695652173913043,0.4444444444444444
,302.0,0.3703703703703703,0.0
,303.0,0.0,0.5416666666666666
,304.0,0.5806451612903226,0.0
,305.0,0.3333333333333333,0.0
,306.0,0.35,0.7575757575757576
,307.0,0.0,0.0
,308.0,0.0625,0.0
,309.0,0.0,0.25
,310.0,0.0,0.0
,311.0,0.8125,0.4444444444444444
,312.0,0.0,0.5238095238095238
,313.0,0.6206896551724138,0.36
,314.0,0.4693877551020408,0.5
,315.0,0.4166666666666667,0.0
,316.0,0.2666666666666666,0.1304347826086956
,317.0,0.7708333333333334,0.2142857142857142
,318.0,0.6,0.5384615384615384
,319.0,0.6666666666666666,0.5625
,320.0,0.0,0.1666666666666666
,321.0,0.0,0.0
,322.0,0.5172413793103449,0.3709677419354839
,323.0,0.6875,0.0
,324.0,0.0,0.0526315789473684
,325.0,0.0,0.2985074626865671
,326.0,0.8372093023255814,0.0
,327.0,0.0909090909090909,0.0
,328.0,0.0,0.7307692307692307
,329.0,0.0,0.0
,330.0,0.6153846153846154,0.5172413793103449
,331.0,0.4666666666666667,0.0
,332.0,0.0,0.52
,333.0,0.8461538461538461,0.0
,334.0,0.7142857142857143,0.5957446808510638
,335.0,0.6309523809523809,0.0
,336.0,0.5625,0.0
,337.0,0.0,0.2307692307692307
,338.0,0.0,0.0
,339.0,0.0,0.0
,340.0,0.0,0.0
,341.0,0.0,0.3333333333333333
,342.0,0.0,0.7352941176470589
,343.0,0.8,0.5862068965517241
,344.0,0.0,0.0285714285714285
,345.0,0.0,0.0
,346.0,0.0,0.0
,347.0,0.0,0.1666666666666666
,348.0,0.0,0.0
,349.0,0.3846153846153846,0.0
,350.0,0.5652173913043478,0.3181818181818182
,351.0,0.4444444444444444,0.0
,352.0,0.3333333333333333,0.7142857142857143
,353.0,0.5909090909090909,0.0
,354.0,0.1619870410367132,0.0
,355.0,0.3111111111111111,0.3709198813056374
,356.0,0.35,0.3421052631578947
,357.0,0.7692307692307693,0.0
,358.0,0.0,0.4
,359.0,0.7333333333333333,0.0
,360.0,0.6666666666666666,0.0454545454545454
,361.0,0.0,0.0
,362.0,0.2758620689655172,0.0
,363.0,0.1764705882352941,0.0
,364.0,0.0,0.0
,365.0,0.0,0.0
,366.0,0.0,0.0
,367.0,0.0,0.3
,368.0,0.0,0.0
,369.0,0.5555555555555556,0.0
,370.0,0.1764705882352941,0.0
,371.0,0.1304347826086956,0.6428571428571429
,372.0,0.0,0.238095238095238
,373.0,0.3125,0.0333333333333333
,374.0,0.25,0.0
,375.0,0.6,0.0
,376.0,0.75,0.0
,377.0,0.0,0.0
,378.0,0.0,0.0
,379.0,0.0652173913043478,0.4054054054054054
,380.0,0.8431372549019608,0.56
,381.0,0.0,0.0
,382.0,0.4615384615384615,0.0
,383.0,0.0,0.6153846153846154
,384.0,0.6470588235294118,0.0
,385.0,0.5833333333333334,0.0
,386.0,0.4666666666666667,0.0
,387.0,0.0,0.0
,388.0,0.0,0.0
,389.0,0.0952380952380952,0.0
,390.0,0.0,0.8461538461538461
,391.0,0.1904761904761904,0.0
,392.0,0.4444444444444444,0.6206896551724138
,393.0,0.4242424242424242,0.25
,394.0,0.0,0.0
,395.0,0.4444444444444444,0.0408163265306122
,396.0,0.0,0.0
,397.0,0.0,0.0
,398.0,0.8048780487804879,0.0
,399.0,0.7674418604651163,0.0
,400.0,0.0,0.5795454545454546
,401.0,0.0,0.8611111111111112
,402.0,0.0,0.4565217391304347
,403.0,0.9615384615384616,0.5434782608695652
,404.0,0.1666666666666666,0.0588235294117647
,405.0,0.7464788732394366,0.0
,406.0,0.0,0.4444444444444444
,407.0,0.0,0.0
,408.0,0.1875,0.0
,409.0,0.475,0.0
,410.0,0.2,0.1785714285714285
,411.0,0.0,0.0
,412.0,0.6428571428571429,0.0
,413.0,0.3846153846153846,0.0
,414.0,0.0769230769230769,0.0317460317460317
,415.0,0.5094339622641509,0.0
,416.0,0.0,0.2857142857142857
,417.0,0.0,0.0
,418.0,0.0652173913043478,0.2647058823529412
,419.0,0.0,0.0
,420.0,0.1111111111111111,0.6666666666666666
,421.0,0.0,0.0
,422.0,0.6428571428571429,0.0
,423.0,0.1111111111111111,0.8
,424.0,0.1176470588235294,0.0
,425.0,0.3125,0.0
,426.0,0.3478260869565217,0.0
,427.0,0.5238095238095238,0.0
,428.0,0.8450704225352113,0.35
,429.0,0.1666666666666666,0.7391304347826086
,430.0,0.15625,0.4848484848484848
,431.0,0.282051282051282,0.0
,432.0,0.0,0.0
,433.0,0.0,0.0
,434.0,0.0,0.6875
,435.0,0.375,0.1
,436.0,0.5357142857142857,0.1666666666666666
,437.0,0.8571428571428571,0.5945945945945946
,438.0,0.2702702702702703,0.8529411764705882
,439.0,0.0833333333333333,0.6190476190476191
,440.0,0.0,0.0
,441.0,0.4,0.2
,442.0,0.4761904761904761,0.6833333333333333
,443.0,0.0,0.4
,444.0,0.0652173913043478,0.0
,445.0,0.0666666666666666,0.5714285714285714
,446.0,0.8888888888888888,0.0
,447.0,0.5238095238095238,0.0
,448.0,0.1428571428571428,0.0
,449.0,0.0,0.4117647058823529
,450.0,0.0,0.0909090909090909
,451.0,0.0555555555555555,0.0
,452.0,0.6744186046511628,0.2142857142857142
,453.0,0.8461538461538461,0.2816901408450704
,454.0,0.4285714285714285,0.2272727272727272
,455.0,0.4285714285714285,0.0
,456.0,0.0,0.5757575757575758
,457.0,0.3846153846153846,0.3636363636363636
,458.0,0.1071428571428571,0.0
,459.0,0.0,0.0
,460.0,0.0,0.0
,461.0,0.951219512195122,0.6363636363636364
,462.0,0.0,0.0
,463.0,0.3076923076923077,0.7627118644067796
,464.0,0.0,0.0
,465.0,0.0,0.1428571428571428
,466.0,0.9583333333333334,0.375
,467.0,0.0,0.0
,468.0,0.0,0.9152542372881356
,469.0,0.0,0.0833333333333333
,470.0,0.0,0.0240963855421686
,471.0,0.0,0.0
,472.0,0.6666666666666666,0.0
,473.0,0.9130434782608696,0.0
,474.0,0.3125,0.0
,475.0,0.0,0.0
,476.0,0.0,0.0
,477.0,0.5735294117647058,0.0
,478.0,0.0,0.0
,479.0,0.0909090909090909,0.0
,480.0,0.0,0.0
,481.0,0.0,0.0
,482.0,0.2941176470588235,0.0
,483.0,0.8235294117647058,0.5882352941176471
,484.0,0.925925925925926,0.0
,485.0,0.0,0.4615384615384615
,486.0,0.0,0.1379310344827586
,487.0,0.75,0.0
,488.0,0.0,0.0
,489.0,0.0,0.0
,490.0,0.9444444444444444,0.1
,491.0,0.0,0.0
,492.0,0.7916666666666666,0.8387096774193549
,493.0,0.6206896551724138,0.0
,494.0,0.0,0.0
,495.0,0.0,0.7733333333333333
,496.0,0.5238095238095238,0.9814814814814816
,497.0,0.6666666666666666,0.0
,498.0,0.875,0.0714285714285714
,499.0,0.0,0.0
,500.0,0.7906976744186046,0.0
,501.0,0.0,0.1764705882352941
,502.0,0.5333333333333333,0.0
,503.0,0.0,0.0
,504.0,0.4,0.0
,505.0,0.0,0.0
,506.0,0.0,0.0
,507.0,0.8214285714285714,0.4375
,508.0,0.4666666666666667,0.7272727272727273
,509.0,0.0952380952380952,0.2045454545454545
,510.0,0.5833333333333334,0.0
,511.0,0.5333333333333333,0.0
,512.0,0.0,0.0
,513.0,0.3846153846153846,0.0
,514.0,0.3684210526315789,0.0
,515.0,0.723404255319149,0.0714285714285714
,516.0,0.4,0.0
,517.0,0.0,0.7580645161290323
,518.0,0.35,0.125
,519.0,0.0,0.56
,520.0,0.5,0.0
,521.0,0.7037037037037037,0.5357142857142857
,522.0,0.0666666666666666,0.5
,523.0,0.4761904761904761,0.0
,524.0,0.3714285714285714,0.4285714285714285
,525.0,0.0,0.3529411764705882
,526.0,0.5714285714285714,0.381679389312993
,527.0,0.8571428571428571,0.0
,528.0,0.0,0.5
,529.0,0.8412698412698413,0.0
,530.0,0.6578947368421053,0.0
,531.0,0.0,0.7307692307692307
,532.0,0.0,0.6071428571428571
,533.0,0.5217391304347826,0.6875
,534.0,0.0,0.1818181818181818
,535.0,0.0,0.6086956521739131
,536.0,0.5882352941176471,0.3157894736842105
,537.0,0.8518518518518519,0.0
,538.0,0.2,0.9545454545454546
,539.0,0.0,0.0
,540.0,0.8604651162790697,0.2592592592592592
,541.0,0.0,0.0
,542.0,0.803921568627451,0.3333333333333333
,543.0,0.0,0.0
,544.0,0.6829268292682927,0.625
,545.0,0.0,0.0
,546.0,0.0303030303030303,0.2424242424242424
,547.0,0.6222222222222222,0.0
,548.0,0.5,0.0
,549.0,0.0,0.6833333333333333
,550.0,0.5909090909090909,0.0
,551.0,0.4651162790697674,0.0
,552.0,0.5384615384615384,0.2121212121212121
,553.0,0.0,0.0
,554.0,0.0,0.0
,555.0,0.7692307692307693,0.0
,556.0,0.0,0.0
,557.0,0.0,0.0
,558.0,0.4895833333333333,0.0
,559.0,0.0,0.0
,560.0,0.8,0.0
,561.0,1.0,0.5769230769230769
,562.0,0.0,0.6
,563.0,0.6842105263157895,0.656
,564.0,0.625,0.0
,565.0,0.0,0.0
,566.0,0.0,0.0
,567.0,0.1111111111111111,0.0
,568.0,0.2692307692307692,0.0
,569.0,0.0,0.0
,570.0,0.6578947368421053,0.0
,571.0,0.0,0.8181818181818182
,572.0,0.0,0.108433734939759
,573.0,0.0,0.1111111111111111
,574.0,0.0,0.6129032258064516
,575.0,0.0,0.0
,576.0,0.3239740820734265,0.6666666666666666
,577.0,0.1063829787234042,0.868421052631579
,578.0,0.0588235294117647,0.3872633390705716
,579.0,0.0,0.0
,580.0,0.3333333333333333,0.6086956521739131
,581.0,0.1875,0.6666666666666666
,582.0,0.0,0.0909090909090909
,583.0,0.4736842105263157,0.4285714285714285
,584.0,0.0357142857142857,0.5
,585.0,0.7115384615384616,0.5652173913043478
,586.0,1.0,0.3
,587.0,0.0,0.625
,588.0,0.3333333333333333,0.0
,589.0,0.0,0.4
,590.0,0.2727272727272727,0.5
,591.0,0.0,0.5185185185185185
,592.0,0.0,0.5714285714285714
,593.0,0.0,0.0
,594.0,0.0727272727272727,0.0
,595.0,0.0,0.0
,596.0,0.2857142857142857,0.0
,597.0,0.48,0.0
,598.0,0.8421052631578947,0.125
,599.0,0.1,0.5714285714285714
,600.0,0.0,0.2857142857142857
,601.0,0.3,0.125
,602.0,0.0,0.0
,603.0,0.5294117647058824,0.0
,604.0,0.0,0.6590909090909091
,605.0,0.0,0.0
,606.0,0.0,0.0
,607.0,0.2151898734177215,0.0
,608.0,0.0,0.0
,609.0,0.4285714285714285,0.0
,610.0,0.5128205128205128,0.0652173913043478
,611.0,0.8333333333333334,0.5106382978723404
,612.0,0.7560975609756098,0.0
,613.0,0.0,0.1578947368421052
,614.0,0.0,0.0
,615.0,0.5625,0.0
,616.0,0.8518518518518519,0.0
,617.0,0.765625,0.4705882352941176
,618.0,0.2222222222222222,0.0
,619.0,0.1666666666666666,0.0
,620.0,0.3333333333333333,0.7777777777777778
,621.0,0.1904761904761904,0.0256410256410256
,622.0,0.5641025641025641,0.0
,623.0,0.7272727272727273,0.0
,624.0,0.0,0.0
,625.0,0.7941176470588235,0.0
,626.0,0.0,0.8888888888888888
,627.0,0.8032786885245902,0.6326530612244898
,628.0,0.0,0.0454545454545454
,629.0,0.0,0.0
,630.0,0.0,0.0
,631.0,0.0,0.4615384615384615
,632.0,0.6666666666666666,0.0
,633.0,0.7142857142857143,0.0
,634.0,0.868421052631579,0.4677419354838709
,635.0,0.0,0.0
,636.0,0.625,0.8775510204081632
,637.0,0.0,0.0
,638.0,0.0,0.5555555555555556
,639.0,0.6923076923076923,0.0
,640.0,0.0,0.4615384615384615
,641.0,0.8125,0.0
,642.0,0.0,0.2307692307692307
,643.0,0.5,0.7619047619047619
,644.0,0.0285714285714285,0.9142857142857144
,645.0,0.4285714285714285,0.0
,646.0,0.0,0.7317073170731707
,647.0,0.6363636363636364,0.0
,648.0,0.8571428571428571,0.0
,649.0,0.4693877551020408,0.85
,650.0,0.8709677419354839,0.5277777777777778
,651.0,0.1052631578947368,0.1956521739130435
,652.0,0.0,0.0
,653.0,0.0,0.0
,654.0,0.4166666666666667,0.0
,655.0,0.0,0.0
,656.0,0.3947368421052631,0.0
,657.0,0.5581395348837209,0.0
,658.0,0.7333333333333333,0.1379310344827586
,659.0,0.2,0.5
,660.0,0.65,0.2954545454545454
,661.0,0.6470588235294118,0.0
,662.0,0.0,0.5757575757575758
,663.0,0.3023255813953488,0.391304347826087
,664.0,0.28,0.0
,665.0,0.4761904761904761,0.5294117647058824
,666.0,0.0769230769230769,0.0
,667.0,0.0,0.0
,668.0,0.0,0.7272727272727273
,669.0,0.0,0.0
,670.0,0.2068965517241379,0.3529411764705882
,671.0,0.3260869565217391,0.5263157894736842
,672.0,0.0,0.0
,673.0,0.5,0.3333333333333333
,674.0,0.0,0.0
,675.0,0.0967741935483871,0.8387096774193549
,676.0,0.7804878048780488,0.5333333333333333
,677.0,0.0,0.5
,678.0,0.0,0.0
,679.0,0.0,0.0
,680.0,0.375,0.0
,681.0,0.1111111111111111,0.3
,682.0,0.9142857142857144,0.0
,683.0,0.0,0.0
,684.0,0.0,0.2692307692307692
,685.0,0.0,0.1428571428571428
,686.0,0.4895833333333333,0.3170731707317073
,687.0,0.0,0.0
,688.0,0.3870967741935484,0.0
,689.0,0.7142857142857143,0.0
,690.0,0.6111111111111112,0.5
,691.0,0.0,0.0
,692.0,0.1666666666666666,0.4915254237288136
,693.0,0.0,0.6764705882352942
,694.0,0.0,0.5555555555555556
,695.0,0.0,0.8181818181818182
,696.0,0.3333333333333333,0.0
,697.0,0.0,0.0
,698.0,0.0,0.0
,699.0,0.0,0.375
,700.0,0.75,0.3
,701.0,0.1111111111111111,0.6857142857142857
,702.0,0.1578947368421052,0.9329729729729848
,703.0,0.696969696969697,0.3
,704.0,0.0,0.5238095238095238
,705.0,0.0,0.0
,706.0,0.4827586206896552,0.0
,707.0,0.2105263157894736,0.3076923076923077
,708.0,0.0,0.4102564102564102
,709.0,0.0,0.4285714285714285
,710.0,0.4814814814814814,0.6060606060606061
,711.0,0.7058823529411765,0.7777777777777778
,712.0,0.4545454545454545,0.0
,713.0,0.0769230769230769,0.625
,714.0,0.0,0.0
,715.0,0.0,0.0
,716.0,0.0833333333333333,0.0
,717.0,0.0,0.0
,718.0,0.4,0.0
,719.0,0.0,0.0
,720.0,0.8,0.0
,721.0,0.0,0.0
,722.0,0.8333333333333334,0.5319148936170213
,723.0,0.0,0.0204081632653061
,724.0,0.455384615384621,0.8604651162790697
,725.0,0.4,0.0
,726.0,0.0,0.3888888888888889
,727.0,0.0333333333333333,0.0
,728.0,0.0,0.0
,729.0,0.0,0.0
,730.0,0.3617021276595745,0.3333333333333333
,731.0,0.0,0.0
,732.0,0.0588235294117647,0.0
,733.0,0.8473282442748091,0.2444444444444444
,734.0,0.3783783783783784,0.9444444444444444
,735.0,0.639344262295082,0.0
,736.0,0.4565217391304347,0.0
,737.0,0.0,0.0
,738.0,0.6,0.0
,739.0,0.0,0.3333333333333333
,740.0,0.0,0.8409090909090909
,741.0,0.0,0.6
,742.0,0.0,0.464
,743.0,0.3448275862068966,0.0
,744.0,0.3055555555555556,0.0
,745.0,0.0,0.0
,746.0,0.0,0.0
,747.0,0.0,0.0
,748.0,0.7551020408163265,0.6296296296296297
,749.0,0.0,0.0
,750.0,0.0,0.4814814814814814
,751.0,0.5294117647058824,0.0
,752.0,0.0,0.0
,753.0,0.7083333333333334,0.0
,754.0,0.425531914893617,0.0
,755.0,0.0,0.2307692307692307
,756.0,0.5862068965517241,0.0
,757.0,0.3333333333333333,0.0
,758.0,0.25,0.4545454545454545
,759.0,0.0,0.59375
,760.0,0.9130434782608696,0.1351351351351351
,761.0,0.0,0.7058823529411765
,762.0,0.5433333333333698,0.0
,763.0,0.0,0.3181818181818182
,764.0,0.0,0.3333333333333333
,765.0,0.2857142857142857,0.3333333333333333
,766.0,0.4230769230769231,0.0
,767.0,0.5833333333333334,0.0
,768.0,0.0,0.5909090909090909
,769.0,0.0,0.0
,770.0,0.0,0.0
,771.0,0.3846153846153846,0.0
,772.0,0.0,0.0
,773.0,0.5333333333333333,0.5333333333333333
,774.0,0.8333333333333334,0.0
,775.0,0.3333333333333333,0.0
,776.0,0.0,0.9230769230769232
,777.0,0.3809523809523809,0.0
,778.0,0.0,0.5454545454545454
,779.0,0.75,0.5555555555555556
,780.0,0.25,0.2857142857142857
,781.0,0.0,0.2702702702702703
,782.0,0.0,0.1304347826086956
,783.0,0.2058823529411764,0.1875
,784.0,0.0,0.0
,785.0,0.9,0.4666666666666667
,786.0,0.0,0.0
,787.0,0.9714285714285714,0.75
,788.0,0.5555555555555556,0.0
,789.0,0.746031746031746,0.2631578947368421
,790.0,0.0,0.0
,791.0,0.0,0.0
,792.0,0.1666666666666666,0.0
,793.0,0.0,0.59375
,794.0,0.8,0.5294117647058824
,795.0,0.0,0.0
,796.0,0.0,0.0
,797.0,0.7843137254901961,0.4
,798.0,0.0,0.7777777777777778
,799.0,0.1052631578947368,0.4871794871794871
,800.0,0.7037037037037037,0.2083333333333333
,801.0,0.0,0.0
,802.0,0.5357142857142857,0.6666666666666666
,803.0,0.6333333333333333,0.6
,804.0,0.0,0.4615384615384615
,805.0,0.0,0.0
,806.0,0.84375,0.0
,807.0,0.0,0.0
,808.0,0.5714285714285714,0.0
,809.0,0.0,0.6153846153846154
,810.0,0.0,0.5833333333333334
,811.0,0.0,0.8070175438596491
,812.0,0.0,0.3703703703703703
,813.0,0.5172413793103449,0.0
,814.0,0.2692307692307692,0.0
,815.0,0.375,0.0
,816.0,0.0,0.0
,817.0,0.0,0.5
,818.0,0.3829787234042553,0.7755102040816326
,819.0,0.0,0.2777777777777778
,820.0,0.0,0.0
,821.0,0.1578947368421052,0.0
,822.0,0.0,0.0
,823.0,0.0,0.8085106382978723
,824.0,0.0,0.0
,825.0,0.0,0.0
,826.0,0.8571428571428571,0.1333333333333333
,827.0,0.0,0.5238095238095238
,828.0,0.1515151515151515,0.0
,829.0,0.0,0.0
,830.0,0.074074074074074,0.109090909090909
,831.0,0.5517241379310345,0.0
,832.0,0.0,0.6304347826086957
,833.0,0.0,0.4666666666666667
,834.0,0.4210526315789473,0.5609756097560976
,835.0,0.1536885245901605,0.0
,836.0,0.0,0.0
,837.0,0.0,0.0
,838.0,0.0,0.0
,839.0,0.0,0.0
,840.0,0.1538461538461538,0.6111111111111112
,841.0,0.3571428571428571,0.0
,842.0,0.0,0.3333333333333333
,843.0,0.0,0.0
,844.0,0.6428571428571429,0.3684210526315789
,845.0,0.7419354838709677,0.0
,846.0,0.0,0.8235294117647058
,847.0,0.0,0.0
,848.0,0.0,0.0
,849.0,0.0,0.0
,850.0,0.7222222222222222,0.0833333333333333
,851.0,0.5151515151515151,0.4833333333333333
,852.0,0.4516129032258064,0.0
,853.0,0.0,0.0
,854.0,0.6,0.25
,855.0,0.3157894736842105,0.0
,856.0,0.25,0.1304347826086956
,857.0,0.8571428571428571,0.4444444444444444
,858.0,0.5671641791044776,0.0
,859.0,0.0,0.2916666666666667
,860.0,0.0,0.0
,861.0,0.5,0.0
,862.0,0.0,0.2
,863.0,0.0,0.0
,864.0,0.75,0.0
,865.0,0.0,0.173076923076923
,866.0,0.0,0.25
,867.0,0.1052631578947368,0.1666666666666666
,868.0,0.4375,0.6025641025641025
,869.0,0.0,0.5306122448979592
,870.0,0.5217391304347826,0.3636363636363636
,871.0,0.0,0.0
,872.0,0.0,0.0
,873.0,0.6521739130434783,0.0
,874.0,0.0,0.0
,875.0,0.5,0.6111111111111112
,876.0,0.2727272727272727,0.358974358974359
,877.0,0.4545454545454545,0.0
,878.0,0.5789473684210527,0.0
,879.0,0.4347826086956521,0.0
,880.0,0.2307692307692307,0.0
,881.0,0.0869565217391304,0.0
,882.0,0.4347826086956521,0.0
,883.0,0.0,0.2564102564102564
,884.0,0.7727272727272727,0.0
,885.0,0.0,0.0
,886.0,0.2647058823529412,0.5625
,887.0,0.5882352941176471,0.0
,888.0,0.0,0.0
,889.0,0.0,0.2
,890.0,0.0,0.0
,891.0,0.7368421052631579,0.3043478260869565
,892.0,0.0,0.784
,893.0,0.0,0.4571428571428571
,894.0,0.3846153846153846,0.7037037037037037
,895.0,0.7878787878787878,0.5961538461538461
,896.0,0.0,0.0
,897.0,0.0,0.0
,898.0,0.4895833333333333,0.0416666666666666
,899.0,0.0,0.5238095238095238
,900.0,0.7692307692307693,0.6785714285714286
,901.0,0.0769230769230769,0.0
,902.0,0.0,0.6222222222222222
,903.0,0.9523809523809524,0.0
,904.0,0.6923076923076923,0.0
,905.0,0.5769230769230769,0.0
,906.0,0.5238095238095238,0.2727272727272727
,907.0,0.0,0.0
,908.0,0.0,0.2142857142857142
,909.0,0.0,0.6216216216216216
,910.0,0.0,0.0
,911.0,0.5714285714285714,0.8064516129032258
,912.0,0.0,0.5714285714285714
,913.0,0.7333333333333333,0.0
,914.0,0.0,0.0555555555555555
,915.0,0.0,0.0
,916.0,0.0,0.0526315789473684
,917.0,0.3333333333333333,0.0
,918.0,0.5238095238095238,0.7647058823529411
,919.0,0.9,0.0
,920.0,0.0,0.0
,921.0,0.0,0.5344827586206896
,922.0,0.0,0.0
,923.0,0.6153846153846154,0.6428571428571429
,924.0,0.0,0.0
,925.0,0.0,0.4347826086956521
,926.0,0.5454545454545454,0.4545454545454545
,927.0,0.696969696969697,0.3478260869565217
,928.0,0.3,0.0
,929.0,0.0,0.0
,930.0,0.631578947368421,0.0
,931.0,0.0,0.1818181818181818
,932.0,0.5588235294117647,0.0
,933.0,0.5789473684210527,0.0
,934.0,0.5652173913043478,0.2727272727272727
,935.0,0.0,0.5217391304347826
,936.0,0.7391304347826086,0.0
,937.0,0.0,0.0869565217391304
,938.0,0.7307692307692307,0.6666666666666666
,939.0,0.0,0.0
,940.0,0.8055555555555556,0.0
,941.0,0.8412698412698413,0.3
,942.0,0.4444444444444444,0.3
,943.0,0.52,0.7272727272727273
,944.0,0.0,0.4814814814814814
,945.0,0.7209302325581395,0.5714285714285714
,946.0,0.3333333333333333,0.4375
,947.0,0.0,0.0
,948.0,0.9059459459459578,0.625
,949.0,0.0,0.0
,950.0,0.0,0.2142857142857142
,951.0,0.0,0.25
,952.0,0.0,0.6744186046511628
,953.0,0.0,0.6210526315789474
,954.0,0.0,0.1333333333333333
,955.0,0.0,0.3529411764705882
,956.0,0.0,0.6363636363636364
,957.0,0.0,0.0
,958.0,0.0,0.0
,959.0,0.0,0.0
,960.0,0.3783783783783784,0.44
,961.0,1.0,0.0
,962.0,0.0,0.6
,963.0,0.0,0.0
,964.0,0.1111111111111111,0.2941176470588235
,965.0,0.1904761904761904,0.5714285714285714
,966.0,0.5384615384615384,0.6666666666666666
,967.0,0.0,0.3214285714285714
,968.0,0.0,0.0
,969.0,0.0,0.0
,970.0,0.6,0.0
,971.0,0.0,0.0
,972.0,0.7058823529411765,0.0
,973.0,0.0,0.3076923076923077
,974.0,0.0,0.1851851851851851
,975.0,0.4782608695652174,0.0
,976.0,0.0,0.6
,977.0,0.0,0.0
,978.0,0.0,0.3166666666666666
,979.0,0.4666666666666667,0.6697247706422018
,980.0,0.0,0.5666666666666667
,981.0,0.3428571428571428,0.0
,982.0,0.4516129032258064,0.0476190476190476
,983.0,0.0,0.4782608695652174
,984.0,0.1818181818181818,0.0
,985.0,0.44,0.0
,986.0,0.8450704225352113,0.0
,987.0,0.0625,0.0
,988.0,0.0,0.0
,989.0,0.2068965517241379,0.5652173913043478
,990.0,0.0,0.1578947368421052
,991.0,0.7755102040816326,0.0
,992.0,0.5,0.2857142857142857
,993.0,0.0769230769230769,0.0
,994.0,0.0,0.0
,995.0,0.2758620689655172,0.5714285714285714
,996.0,0.0,0.125
,997.0,0.6833333333333333,0.5625
,998.0,0.0,0.0555555555555555
,999.0,0.0,0.0
,1000.0,0.0303030303030303,0.4047619047619047
,1001.0,0.0,0.8235294117647058
,1002.0,0.6666666666666666,0.0
,1003.0,0.2352941176470588,0.0
,1004.0,0.6428571428571429,0.4666666666666667
,1005.0,0.0,0.5
,1006.0,0.3636363636363636,0.0
,1007.0,0.0,0.0
,1008.0,0.0,0.2105263157894736
,1009.0,0.0,0.0
,1010.0,0.0,0.0
,1011.0,0.0,0.3977272727272727
,1012.0,0.0,0.7058823529411765
,1013.0,0.0,0.1829268292682926
,1014.0,0.0,0.7857142857142857
,1015.0,0.7333333333333333,0.65
,1016.0,0.64,0.0
,1017.0,0.0909090909090909,0.0
,1018.0,0.5625,0.0
,1019.0,0.8,0.0
,1020.0,0.0,0.0
,1021.0,0.0,0.3214285714285714
,1022.0,0.5909090909090909,0.3333333333333333
,1023.0,0.0,0.625
,1024.0,0.0,0.7272727272727273
,1025.0,0.0,0.4705882352941176
,1026.0,0.6956521739130435,0.1818181818181818
,1027.0,0.0,0.0
,1028.0,0.7894736842105263,0.0
,1029.0,0.0,0.5714285714285714
,1030.0,0.0,0.0
,1031.0,0.0,0.0
,1032.0,0.0,0.8387096774193549
,1033.0,0.0,0.8837209302325582
,1034.0,0.9629629629629628,0.7619047619047619
,1035.0,0.0,0.0
,1036.0,0.5,0.5614035087719298
,1037.0,0.6,0.7058823529411765
,1038.0,0.0,0.0
,1039.0,0.0,0.0
,1040.0,0.0,0.0
,1041.0,0.1,0.4827586206896552
,1042.0,0.1818181818181818,0.0625
,1043.0,0.0,0.0
,1044.0,0.0,0.0
,1045.0,0.0,0.8
,1046.0,0.0,0.0
,1047.0,0.6440677966101694,0.4146341463414634
,1048.0,0.0,0.0
,1049.0,0.6060606060606061,0.0
,1050.0,0.0,0.0
,1051.0,0.7575757575757576,0.0
,1052.0,0.0,0.0
,1053.0,0.7142857142857143,0.0
,1054.0,0.0,0.4473684210526316
,1055.0,0.6513761467889908,0.0
,1056.0,0.7777777777777778,0.1142857142857142
,1057.0,0.3809523809523809,0.0
,1058.0,0.8571428571428571,0.0588235294117647
,1059.0,0.375,0.0
,1060.0,0.6153846153846154,0.1111111111111111
,1061.0,0.0,0.696969696969697
,1062.0,0.3043478260869565,0.0
,1063.0,0.35,0.8974358974358975
,1064.0,0.0,0.375
,1065.0,0.6578947368421053,0.0
,1066.0,0.25,0.0
,1067.0,0.0,0.0
,1068.0,0.6296296296296297,0.8064516129032258
,1069.0,0.0,0.125
,1070.0,0.0,0.5333333333333333
,1071.0,0.0,0.8163265306122449
,1072.0,0.8846153846153846,0.0
,1073.0,0.5833333333333334,0.4347826086956521
,1074.0,0.36,0.0
,1075.0,0.0,0.6428571428571429
,1076.0,0.0,0.0
,1077.0,0.5,0.0
,1078.0,0.4166666666666667,0.0
,1079.0,0.0,0.8918918918918919
,1080.0,0.5111111111111111,0.1071428571428571
,1081.0,0.0,0.5833333333333334
,1082.0,0.0,0.9285714285714286
,1083.0,0.037037037037037,0.0
,1084.0,0.0,0.25
,1085.0,1.0,0.6666666666666666
,1086.0,0.0588235294117647,0.2777777777777778
,1087.0,0.6923076923076923,0.3571428571428571
,1088.0,0.803921568627451,0.25
,1089.0,0.0,0.0
,1090.0,0.2857142857142857,0.0
,1091.0,0.0,0.0
,1092.0,0.0,0.0
,1093.0,0.5,0.0
,1094.0,0.7647058823529411,0.0
,1095.0,0.0,0.3333333333333333
,1096.0,0.8473282442748091,0.6666666666666666
,1097.0,0.5833333333333334,0.0
,1098.0,0.0909090909090909,0.0
,1099.0,0.6428571428571429,0.0
,1100.0,0.4642857142857143,0.7391304347826086
,1101.0,0.0,0.7966101694915254
,1102.0,0.0,0.0
,1103.0,0.4782608695652174,0.0
,1104.0,0.0,0.0
,1105.0,0.0,0.52
,1106.0,0.8846153846153846,0.0303030303030303
,1107.0,0.0,0.0
,1108.0,0.3333333333333333,0.65
,1109.0,0.0,0.0
,1110.0,0.0,0.4893617021276595
,1111.0,0.6296296296296297,0.3571428571428571
,1112.0,0.6634615384615384,0.1578947368421052
,1113.0,0.0,0.0
,1114.0,0.2272727272727272,0.75
,1115.0,0.8604651162790697,0.6764705882352942
,1116.0,0.0,0.4210526315789473
,1117.0,0.0,0.3846153846153846
,1118.0,0.0,0.2
,1119.0,0.0,0.3
,1120.0,0.2888888888888888,0.217391304347826
,1121.0,0.5882352941176471,0.0
,1122.0,0.0,0.0
,1123.0,0.0,0.3111111111111111
,1124.0,0.8888888888888888,0.782608695652174
,1125.0,0.0,0.0
,1126.0,0.34375,0.0
,1127.0,0.78125,0.0
,1128.0,0.3636363636363636,0.0
,1129.0,0.0,0.0
,1130.0,0.0,0.0
,1131.0,0.4210526315789473,0.0
,1132.0,0.0,0.0
,1133.0,1.0,0.0526315789473684
,1134.0,0.8979591836734694,0.4285714285714285
,1135.0,0.0,0.0
,1136.0,0.0,0.0
,1137.0,0.6190476190476191,0.7058823529411765
,1138.0,0.0,0.0
,1139.0,0.0,0.5263157894736842
,1140.0,0.0,0.6086956521739131
,1141.0,0.5833333333333334,0.0
,1142.0,0.7391304347826086,0.2962962962962963
,1143.0,0.0,0.1818181818181818
,1144.0,0.4,0.0
,1145.0,0.5,0.4642857142857143
,1146.0,0.6551724137931034,0.0
,1147.0,0.0,0.0
,1148.0,0.25,0.0
,1149.0,0.6086956521739131,0.0
,1150.0,0.6666666666666666,0.0
,1151.0,0.6470588235294118,0.0
,1152.0,0.0,0.0
,1153.0,0.0,0.2727272727272727
,1154.0,0.0,0.3571428571428571
,1155.0,0.1818181818181818,0.1333333333333333
,1156.0,0.0,0.3673469387755102
,1157.0,0.0,0.391304347826087
,1158.0,0.0,0.0
,1159.0,0.0,0.5454545454545454
,1160.0,0.7307692307692307,0.0
,1161.0,0.5,0.074074074074074
,1162.0,0.0,0.0
,1163.0,0.25,0.0
,1164.0,0.5263157894736842,0.0
,1165.0,0.34375,0.0625
,1166.0,0.5555555555555556,0.0
,1167.0,0.5,0.0
,1168.0,0.0,0.3
,1169.0,0.7619047619047619,0.3191489361702128
,1170.0,0.8076923076923077,0.0
,1171.0,0.0,0.0
,1172.0,0.6125,0.0
,1173.0,0.0,0.8450704225352113
,1174.0,0.3870967741935484,0.675
,1175.0,0.0,0.0
,1176.0,0.391304347826087,0.0526315789473684
,1177.0,0.9230769230769232,0.0
,1178.0,0.2222222222222222,0.1538461538461538
,1179.0,0.0,0.9
,1180.0,0.5,0.0
,1181.0,0.625,0.0
,1182.0,0.0,0.0
,1183.0,0.5,0.2307692307692307
,1184.0,0.0,0.631578947368421
,1185.0,0.0,0.7
,1186.0,0.3103448275862069,0.1785714285714285
,1187.0,0.0,0.625
,1188.0,0.1666666666666666,0.0
,1189.0,0.4,0.5584415584415584
,1190.0,0.0,0.3684210526315789
,1191.0,0.6086956521739131,0.7307692307692307
,1192.0,0.0,0.0
,1193.0,0.0,0.0
,1194.0,0.0,0.8214285714285714
,1195.0,0.4565217391304347,0.5675675675675675
,1196.0,0.0,0.2592592592592592
,1197.0,0.0909090909090909,0.6111111111111112
,1198.0,0.0,0.0333333333333333
,1199.0,0.0,0.0
,1200.0,0.6551724137931034,0.0
,1201.0,0.3333333333333333,0.2
,1202.0,0.0,0.3571428571428571
,1203.0,0.0,0.1
,1204.0,0.5294117647058824,0.7857142857142857
,1205.0,0.48,0.2307692307692307
,1206.0,0.9,0.0
,1207.0,0.0,0.0
,1208.0,0.6666666666666666,0.0
,1209.0,0.0,0.7727272727272727
,1210.0,0.0,0.4814814814814814
,1211.0,0.5769230769230769,0.0
,1212.0,0.5869565217391305,0.0
,1213.0,0.0,0.2592592592592592
,1214.0,0.3,0.0
,1215.0,0.25,0.0
,1216.0,0.0,0.5217391304347826
,1217.0,0.0,0.0
,1218.0,0.0212765957446808,0.0
,1219.0,0.5609756097560976,0.0
,1220.0,0.0,0.5625
,1221.0,0.0,0.3645833333333333
,1222.0,0.0,0.0
,1223.0,0.25,0.0
,1224.0,0.75,0.0
,1225.0,0.0,0.75
,1226.0,0.0,0.0
,1227.0,0.8571428571428571,0.0
,1228.0,0.25,0.5416666666666666
,1229.0,0.4285714285714285,0.0
,1230.0,0.0,0.2222222222222222
,1231.0,0.0,0.0
,1232.0,0.0,0.4705882352941176
,1233.0,0.3571428571428571,0.0
,1234.0,0.9032258064516128,0.0
,1235.0,0.0,0.0
,1236.0,0.0833333333333333,0.0
,1237.0,0.0,0.0
,1238.0,0.0,0.4583333333333333
,1239.0,0.2352941176470588,0.0
,1240.0,0.0,0.1481481481481481
,1241.0,0.0,0.0
,1242.0,0.3,0.0
,1243.0,0.0,0.6111111111111112
,1244.0,0.6060606060606061,0.0
,1245.0,0.0,0.0
,1246.0,0.0,0.0
,1247.0,0.0,0.0
,1248.0,0.0,0.0
,1249.0,0.5384615384615384,0.6421052631578947
,1250.0,0.3125,0.0857142857142857
,1251.0,0.6119402985074627,0.7333333333333333
,1252.0,0.4,0.0
,1253.0,0.0,0.5238095238095238
,1254.0,0.0,0.0
,1255.0,0.2291666666666666,0.2857142857142857
,1256.0,0.0,0.9166666666666666
,1257.0,1.0,0.0
,1258.0,0.0,0.4166666666666667
,1259.0,0.0,0.0
,1260.0,0.0434782608695652,0.0
,1261.0,0.3076923076923077,0.0
,1262.0,0.5555555555555556,0.1666666666666666
,1263.0,0.1304347826086956,0.0
,1264.0,0.0,0.75
,1265.0,0.5238095238095238,0.5384615384615384
,1266.0,0.3529411764705882,0.0
,1267.0,0.4444444444444444,0.0
,1268.0,0.0,0.0
,1269.0,0.6666666666666666,0.7142857142857143
,1270.0,0.0,0.2608695652173913
,1271.0,0.5,0.5
,1272.0,0.0,0.0
,1273.0,0.0,0.0476190476190476
,1274.0,0.0,0.2608695652173913
,1275.0,0.0,0.0
,1276.0,0.0,0.0
,1277.0,0.0,0.2727272727272727
,1278.0,0.0,0.6190476190476191
,1279.0,0.4814814814814814,0.0
,1280.0,0.0,0.0
,1281.0,0.0,0.0
,1282.0,0.1935483870967742,0.0714285714285714
,1283.0,0.0,1.0
,1284.0,0.0,0.0
,1285.0,0.0357142857142857,0.0
,1286.0,0.5652173913043478,0.0
,1287.0,0.0,0.0
,1288.0,0.0,0.6666666666666666
,1289.0,0.6333333333333333,0.0
,1290.0,0.5625,0.2916666666666667
,1291.0,0.375,0.1
,1292.0,0.7142857142857143,0.7857142857142857
,1293.0,0.0,0.65
,1294.0,0.0,0.0
,1295.0,0.5652173913043478,0.3684210526315789
,1296.0,0.0,0.1875
,1297.0,0.4615384615384615,0.0
,1298.0,0.0,0.0
,1299.0,0.0,0.6428571428571429
,1300.0,0.0,0.0
,1301.0,0.2941176470588235,0.7142857142857143
,1302.0,0.6086956521739131,0.1666666666666666
,1303.0,0.4516129032258064,0.5641025641025641
,1304.0,0.1024590163934403,0.7111111111111111
,1305.0,0.5882352941176471,0.0
,1306.0,0.6,0.0
,1307.0,0.5333333333333333,0.4210526315789473
,1308.0,0.0,0.0
,1309.0,0.5,0.0
,1310.0,0.0,0.0
,1311.0,0.6153846153846154,0.1428571428571428
,1312.0,0.0,0.0
,1313.0,0.0,0.2
,1314.0,0.64,0.6486486486486487
,1315.0,0.0,0.0704225352112676
,1316.0,0.0,0.5833333333333334
,1317.0,0.0,0.0
,1318.0,0.9,0.0434782608695652
,1319.0,0.9333333333333332,0.4634146341463415
,1320.0,0.0,0.0
,1321.0,0.0357142857142857,0.0
,1322.0,0.0,0.6428571428571429
,1323.0,0.1111111111111111,0.0
,1324.0,0.6363636363636364,0.0
,1325.0,0.0,0.75
,1326.0,0.3548387096774194,0.0
,1327.0,0.0,0.0
,1328.0,0.8378378378378378,0.3333333333333333
,1329.0,0.0,0.0
,1330.0,0.78125,0.0
,1331.0,0.0,0.0
,1332.0,0.0,0.25
,1333.0,0.0,0.0
,1334.0,0.125,0.0526315789473684
,1335.0,0.5,0.3076923076923077
,1336.0,0.0,0.0909090909090909
,1337.0,0.2857142857142857,0.5172413793103449
,1338.0,0.0,0.8333333333333334
,1339.0,0.0,0.0
,1340.0,0.8484848484848485,0.782608695652174
,1341.0,0.5652173913043478,0.0
,1342.0,0.0,1.0
,1343.0,0.0,0.037037037037037
,1344.0,0.0,0.5833333333333334
,1345.0,0.5238095238095238,0.6923076923076923
,1346.0,0.7045454545454546,0.0
,1347.0,0.8666666666666667,0.0
,1348.0,0.0,0.2816901408450704
,1349.0,0.0,0.7529411764705882
,1350.0,0.0,0.0
,1351.0,0.0,0.0
,1352.0,0.0,0.0
,1353.0,0.4444444444444444,0.2857142857142857
,1354.0,0.0,0.0
,1355.0,0.0,0.0
,1356.0,0.0,0.0
,1357.0,0.0,0.2058823529411764
,1358.0,0.0,0.0
,1359.0,0.0,0.0
,1360.0,0.0,0.3387096774193548
,1361.0,0.5,0.0
,1362.0,0.5,0.0
,1363.0,0.4166666666666667,0.0
,1364.0,0.0,0.0
,1365.0,0.0526315789473684,0.0
,1366.0,0.0,0.0
,1367.0,0.16,0.56
,1368.0,0.4736842105263157,0.7551020408163265
,1369.0,0.0,0.0
,1370.0,0.0,0.0
,1371.0,0.0,0.7692307692307693
,1372.0,0.0,0.0
,1373.0,0.0,0.0
,1374.0,0.8461538461538461,0.0
,1375.0,0.0,0.0
,1376.0,0.5333333333333333,0.7894736842105263
,1377.0,0.0,0.5555555555555556
,1378.0,0.0,0.0
,1379.0,0.5897435897435898,0.6625386996904025
,1380.0,0.8,0.5277777777777778
,1381.0,0.0,0.0
,1382.0,0.7014925373134329,0.0
,1383.0,0.0,0.0
,1384.0,0.0,0.4375
,1385.0,0.0,0.0
,1386.0,0.0,0.0
,1387.0,0.4545454545454545,0.85
,1388.0,0.0,0.0
,1389.0,0.0,0.075
,1390.0,0.0,0.0
,1391.0,0.0,0.0
,1392.0,0.5,0.8620689655172413
,1393.0,0.5555555555555556,0.4642857142857143
,1394.0,0.3636363636363636,0.5714285714285714
,1395.0,0.0,0.0
,1396.0,0.9333333333333332,0.7959183673469388
,1397.0,0.8,0.75
,1398.0,0.8736842105263158,0.0
,1399.0,0.0408163265306122,0.4583333333333333
,1400.0,0.0,0.0833333333333333
,1401.0,0.0,0.0
,1402.0,0.0714285714285714,0.0909090909090909
,1403.0,0.4,0.0
,1404.0,0.2857142857142857,0.0
,1405.0,0.0588235294117647,0.0
,1406.0,0.0,0.0
,1407.0,0.0,0.0
,1408.0,0.0,0.0833333333333333
,1409.0,0.1333333333333333,0.088235294117647
,1410.0,0.0,0.6470588235294118
,1411.0,0.6666666666666666,0.0
,1412.0,0.0,0.1052631578947368
,1413.0,0.2857142857142857,0.0
,1414.0,0.0,0.9629629629629628
,1415.0,0.0,0.3157894736842105
,1416.0,0.391304347826087,0.0
,1417.0,0.4,0.0
,1418.0,0.0,0.2535211267605634
,1419.0,0.5813953488372093,0.4893617021276595
,1420.0,0.8,0.0
,1421.0,0.1024590163934403,0.0
,1422.0,0.4761904761904761,0.0
,1423.0,0.8928571428571429,0.3333333333333333
,1424.0,0.0,0.3939393939393939
,1425.0,0.0,0.0
,1426.0,0.2222222222222222,0.0
,1427.0,0.9411764705882352,0.6153846153846154
,1428.0,0.6875,0.0
,1429.0,0.3684210526315789,0.0
,1430.0,0.1538461538461538,0.2371134020618556
,1431.0,0.8615384615384616,0.0
,1432.0,0.1578947368421052,0.0
,1433.0,0.0,0.7954545454545454
,1434.0,0.0,0.2222222222222222
,1435.0,0.0,0.0
,1436.0,0.0,0.0
,1437.0,0.7894736842105263,1.0
,1438.0,0.5714285714285714,0.1333333333333333
,1439.0,0.0,0.1914893617021276
,1440.0,0.782608695652174,0.0
,1441.0,0.0,0.0588235294117647
,1442.0,0.1428571428571428,0.0
,1443.0,0.5909090909090909,0.4473684210526316
,1444.0,0.0,0.0
,1445.0,0.0,0.0
,1446.0,0.0,0.4615384615384615
,1447.0,0.0,0.0
,1448.0,0.125,0.0
,1449.0,0.0,0.0
,1450.0,0.0,0.4137931034482758
,1451.0,0.0,0.0
,1452.0,0.0,0.0
,1453.0,0.0,0.5
,1454.0,0.0,0.0
,1455.0,0.1914893617021276,0.4615384615384615
,1456.0,0.0,0.0
,1457.0,0.4285714285714285,0.0
,1458.0,0.7692307692307693,0.0
,1459.0,0.5555555555555556,0.8387096774193549
,1460.0,0.6428571428571429,0.0
,1461.0,0.4166666666666667,0.8285714285714286
,1462.0,0.5333333333333333,0.375
,1463.0,0.7,0.7391304347826086
,1464.0,0.0,0.0
,1465.0,0.2631578947368421,0.0
,1466.0,0.0,0.4444444444444444
,1467.0,0.0,0.9411764705882352
,1468.0,0.1333333333333333,0.2424242424242424
,1469.0,0.0612244897959183,0.0
,1470.0,0.3888888888888889,0.0
,1471.0,0.0,0.0
,1472.0,0.391304347826087,0.0
,1473.0,0.864406779661017,0.032258064516129
,1474.0,0.0,0.0677966101694915
,1475.0,0.0,0.0
,1476.0,0.0,0.175
,1477.0,0.0,0.8703703703703703
,1478.0,0.0,0.0
,1479.0,0.0,0.6470588235294118
,1480.0,0.5,0.0
,1481.0,0.4210526315789473,0.0
,1482.0,0.0,0.0
,1483.0,0.0,0.2905982905982906
,1484.0,0.4166666666666667,0.0
,1485.0,0.391304347826087,0.4791666666666667
,1486.0,0.0,0.0
,1487.0,1.0,0.7473684210526316
,1488.0,0.2,0.0
,1489.0,0.7857142857142857,0.36
,1490.0,0.0,0.0
,1491.0,0.0,0.0
,1492.0,0.0,0.7777777777777778
,1493.0,0.7727272727272727,0.0
,1494.0,0.0,0.8604651162790697
,1495.0,0.0,0.8181818181818182
,1496.0,0.0555555555555555,0.6
,1497.0,0.2857142857142857,0.0
,1498.0,0.4166666666666667,0.0
,1499.0,0.6153846153846154,0.0
,1500.0,0.2063273727647873,0.6666666666666666
,1501.0,0.9523809523809524,0.0
,1502.0,0.391304347826087,0.0
,1503.0,0.0,0.0
,1504.0,0.1904761904761904,0.0
,1505.0,0.0,0.0
,1506.0,0.3402061855670103,0.0
,1507.0,0.0,0.0
,1508.0,0.6428571428571429,0.6410256410256411
,1509.0,0.7857142857142857,0.0
,1510.0,0.0,0.0
,1511.0,0.0,0.0
,1512.0,0.7777777777777778,0.0
,1513.0,0.0,0.8833333333333333
,1514.0,0.0,0.3333333333333333
,1515.0,0.0,0.2195121951219512
,1516.0,0.0,0.84375
,1517.0,0.0769230769230769,0.5111111111111111
,1518.0,0.0,0.0
,1519.0,0.0,0.0
,1520.0,0.0,0.0
,1521.0,0.0,0.0
,1522.0,0.3448275862068966,0.0
,1523.0,0.6842105263157895,0.0
,1524.0,0.0967741935483871,0.3125
,1525.0,0.0,0.5229007633587588
,1526.0,0.5384615384615384,0.8157894736842105
,1527.0,0.0,0.0
,1528.0,0.4473684210526316,0.0
,1529.0,0.0,0.0
,1530.0,0.0,0.0
,1531.0,0.0,0.3055555555555556
,1532.0,0.0,0.0
,1533.0,0.0,0.8571428571428571
,1534.0,0.7894736842105263,0.0
,1535.0,0.4545454545454545,0.5076923076923077
,1536.0,0.0,0.0
,1537.0,0.0,0.55
,1538.0,0.0,0.4886363636363636
,1539.0,0.4333333333333333,0.0
,1540.0,0.3333333333333333,0.24
,1541.0,0.0,0.1666666666666666
,1542.0,0.5,0.0
,1543.0,0.2777777777777778,0.0
,1544.0,0.1052631578947368,0.1666666666666666
,1545.0,0.5116279069767442,0.7727272727272727
,1546.0,0.6190476190476191,0.6060606060606061
,1547.0,0.0,0.0
,1548.0,0.0,0.0
,1549.0,0.0,0.3571428571428571
,1550.0,0.6153846153846154,0.4827586206896552
,1551.0,0.0357142857142857,0.0
,1552.0,0.2830188679245283,0.0714285714285714
,1553.0,0.3928571428571428,0.0
,1554.0,0.0,0.0
,1555.0,0.4655172413793103,0.4444444444444444
,1556.0,0.2142857142857142,0.0
,1557.0,0.0,0.0434782608695652
,1558.0,0.0,0.7
,1559.0,0.0,0.0
,1560.0,0.6346153846153846,0.6
,1561.0,0.0,0.0
,1562.0,0.0,0.1904761904761904
,1563.0,0.7272727272727273,0.3888888888888889
,1564.0,0.7857142857142857,0.425
,1565.0,0.3166666666666666,0.1739130434782608
,1566.0,0.0,0.0
,1567.0,0.0,0.0
,1568.0,0.0,0.0
,1569.0,0.0434782608695652,0.0
,1570.0,0.6538461538461539,0.0
,1571.0,0.3888888888888889,0.5625
,1572.0,0.0,0.0
,1573.0,0.6666666666666666,0.0
,1574.0,0.0,0.7
,1575.0,0.3846153846153846,0.0
,1576.0,0.8285714285714286,0.4
,1577.0,0.0,0.0
,1578.0,0.0,0.0
,1579.0,0.0,0.0
,1580.0,0.0,0.6
,1581.0,0.4358974358974359,0.5609756097560976
,1582.0,1.0,0.6153846153846154
,1583.0,0.0,0.0
,1584.0,0.8,0.0
,1585.0,0.0,0.0
,1586.0,0.0,0.5555555555555556
,1587.0,0.7258064516129032,0.0
,1588.0,0.5769230769230769,0.0
,1589.0,0.3518518518518518,0.4761904761904761
,1590.0,0.1111111111111111,0.0
,1591.0,0.0,0.0
,1592.0,0.6666666666666666,0.0
,1593.0,0.3214285714285714,0.0
,1594.0,0.4603174603174603,0.4074074074074074
,1595.0,0.0,0.0
,1596.0,0.375,0.0
,1597.0,0.0,0.0
,1598.0,0.0,0.0
,1599.0,0.2857142857142857,0.0
,1600.0,0.0,0.2857142857142857
,1601.0,0.0,0.6547619047619048
,1602.0,0.45,0.0
,1603.0,0.8275862068965517,0.9166666666666666
,1604.0,0.0,0.0
,1605.0,0.0,0.3076923076923077
,1606.0,0.0,0.4583333333333333
,1607.0,0.0,0.5641025641025641
,1608.0,0.0,0.4675324675324675
,1609.0,0.8,0.3846153846153846
,1610.0,0.0,0.0
,1611.0,0.951219512195122,0.0
,1612.0,0.0,0.0
,1613.0,0.0,0.8571428571428571
,1614.0,0.0,0.0
,1615.0,0.2045454545454545,0.0681818181818181
,1616.0,0.4893617021276595,0.0
,1617.0,0.0,0.0
,1618.0,0.0,0.0
,1619.0,0.5833333333333334,0.8431372549019608
,1620.0,0.3214285714285714,0.1111111111111111
,1621.0,0.3953488372093023,0.0
,1622.0,0.0,0.0
,1623.0,0.0,0.0
,1624.0,0.975609756097561,0.0
,1625.0,0.945945945945946,0.0
,1626.0,0.5,0.125
,1627.0,0.0,0.7857142857142857
,1628.0,0.625,0.0
,1629.0,0.0,0.0
,1630.0,0.0,0.8163265306122449
,1631.0,0.0,0.0
,1632.0,0.4375,0.0
,1633.0,0.0,0.0
,1634.0,0.0,0.5769230769230769
,1635.0,0.7941176470588235,0.0
,1636.0,0.0,0.6
,1637.0,0.0606060606060606,0.0
,1638.0,0.0,0.0
,1639.0,0.3043478260869565,0.0
,1640.0,0.5625,0.0
,1641.0,0.0,0.375
,1642.0,0.9772727272727272,0.3846153846153846
,1643.0,0.1666666666666666,0.0
,1644.0,0.8235294117647058,0.7926829268292683
,1645.0,0.5333333333333333,0.0
,1646.0,0.0,0.25
,1647.0,0.8666666666666667,0.0
,1648.0,0.0,0.4897959183673469
,1649.0,0.8,0.0
,1650.0,0.7692307692307693,0.0
,1651.0,0.0606060606060606,0.34375
,1652.0,0.0,0.8648648648648649
,1653.0,0.5652173913043478,0.0
,1654.0,0.0,0.0
,1655.0,0.0,0.0
,1656.0,0.0,0.0588235294117647
,1657.0,0.55,0.4782608695652174
,1658.0,0.0,0.4191999999999825
,1659.0,0.3846153846153846,0.3571428571428571
,1660.0,0.6842105263157895,0.0
,1661.0,0.2894736842105263,0.6
,1662.0,0.8,0.25
,1663.0,0.1276595744680851,0.7441860465116279
,1664.0,0.0,0.7297297297297297
,1665.0,0.0,0.5
,1666.0,0.0,0.0
,1667.0,0.0,0.0
,1668.0,0.78125,0.0
,1669.0,0.0,0.0
,1670.0,0.0,0.0
,1671.0,0.0,0.5694444444444444
,1672.0,0.0,0.2068965517241379
,1673.0,0.7948717948717948,0.0
,1674.0,0.0,0.2181818181818181
,1675.0,0.0,0.1666666666666666
,1676.0,0.25,0.1875
,1677.0,0.0,0.0
,1678.0,0.0,0.8666666666666667
,1679.0,0.0,0.0
,1680.0,0.3478260869565217,0.0
,1681.0,0.0,0.0
,1682.0,0.4615384615384615,0.1428571428571428
,1683.0,0.3333333333333333,0.25
,1684.0,0.0,0.6
,1685.0,0.0,0.0
,1686.0,0.0,0.6666666666666666
,1687.0,0.9473684210526316,0.6285714285714286
,1688.0,0.0,0.0
,1689.0,0.0,0.0588235294117647
,1690.0,0.0,0.0
,1691.0,0.0,0.0
,1692.0,0.0,0.0
,1693.0,0.0,0.4761904761904761
,1694.0,0.0,0.0
,1695.0,0.5263157894736842,0.0
,1696.0,0.3448275862068966,0.0
,1697.0,0.0,0.0
,1698.0,0.0,0.5952380952380952
,1699.0,0.0,0.0
,1700.0,0.8484848484848485,0.2702702702702703
,1701.0,0.0,0.0
,1702.0,0.0,0.6923076923076923
,1703.0,0.6911764705882353,0.0
,1704.0,0.4761904761904761,0.8333333333333334
,1705.0,0.1,0.0
,1706.0,0.3333333333333333,0.0476190476190476
,1707.0,0.2692307692307692,0.7355555555555434
,1708.0,0.868421052631579,0.7580645161290323
,1709.0,0.0,0.5581395348837209
,1710.0,0.0,0.0303030303030303
,1711.0,0.4482758620689655,0.0
,1712.0,0.4117647058823529,0.625
,1713.0,0.0303030303030303,0.0
,1714.0,0.0,0.0
,1715.0,0.0833333333333333,0.0
,1716.0,0.8235294117647058,0.5789473684210527
,1717.0,0.868421052631579,0.5454545454545454
,1718.0,0.4,0.0
,1719.0,0.0,0.0
,1720.0,0.0,0.0
,1721.0,0.4642857142857143,0.0
,1722.0,0.0,0.075
,1723.0,0.7,0.7578947368421053
,1724.0,0.0,0.0
,1725.0,0.0,0.4571428571428571
,1726.0,0.0,0.0
,1727.0,0.0,0.0454545454545454
,1728.0,0.1111111111111111,0.0
,1729.0,0.0333333333333333,0.0
,1730.0,0.0,0.3333333333333333
,1731.0,0.0,0.0
,1732.0,0.0,0.0
,1733.0,0.0,0.3461538461538461
,1734.0,0.3571428571428571,0.0
,1735.0,0.44,0.1379310344827586
,1736.0,0.0,0.9285714285714286
,1737.0,0.0,0.5
,1738.0,0.0,0.0
,1739.0,0.0,0.0
,1740.0,0.6666666666666666,0.0
,1741.0,0.0,0.0
,1742.0,0.0,0.0
,1743.0,0.0869565217391304,0.6190476190476191
,1744.0,0.4883720930232558,0.3684210526315789
,1745.0,0.4666666666666667,0.0
,1746.0,0.0,0.1935483870967742
,1747.0,0.0,0.0
,1748.0,0.0,0.5
,1749.0,0.25,0.0
,1750.0,0.5714285714285714,0.0
,1751.0,0.6666666666666666,0.0
,1752.0,0.0,0.0
,1753.0,0.75,0.0
,1754.0,0.6923076923076923,0.0
,1755.0,0.0,0.6285714285714286
,1756.0,0.0,0.0
,1757.0,0.0,0.3012048192771084
,1758.0,0.0,0.0
,1759.0,0.0,0.0
,1760.0,0.5333333333333333,0.6428571428571429
,1761.0,0.0,0.0
,1762.0,0.5,0.6521739130434783
,1763.0,0.7727272727272727,0.2631578947368421
,1764.0,0.0,0.0
,1765.0,0.5555555555555556,0.0
,1766.0,0.5238095238095238,0.4166666666666667
,1767.0,0.0,0.0
,1768.0,0.0,0.24
,1769.0,0.0,0.0
,1770.0,0.6530612244897959,0.0
,1771.0,0.8076923076923077,0.0
,1772.0,0.0,0.0
,1773.0,0.0,0.0625
,1774.0,0.6666666666666666,0.1666666666666666
,1775.0,0.2222222222222222,0.0
,1776.0,0.0,0.0
,1777.0,0.1176470588235294,0.0
,1778.0,0.0,0.0
,1779.0,0.0,0.0
,1780.0,0.0,0.0384615384615384
,1781.0,0.8,0.6190476190476191
,1782.0,0.4680851063829787,0.0
,1783.0,0.0,0.7
,1784.0,0.6333333333333333,0.0
,1785.0,0.0,0.0
,1786.0,0.0,0.0
,1787.0,0.7894736842105263,0.25
,1788.0,0.8571428571428571,0.0
,1789.0,0.0,0.4
,1790.0,0.8666666666666667,0.7037037037037037
,1791.0,0.5217391304347826,0.0
,1792.0,0.0,0.78125
,1793.0,0.2413793103448276,0.4
,1794.0,0.6507936507936508,0.5357142857142857
,1795.0,0.4137931034482758,0.7333333333333333
,1796.0,0.0,0.25
,1797.0,0.9722222222222222,0.0
,1798.0,0.675,0.0
,1799.0,0.1764705882352941,0.0
,1800.0,0.0,0.3461538461538461
,1801.0,0.3636363636363636,0.2941176470588235
,1802.0,0.0,0.0
,1803.0,0.0,0.0
,1804.0,0.0,0.16
,1805.0,0.951219512195122,0.9696969696969696
,1806.0,0.5833333333333334,0.0
,1807.0,0.0714285714285714,0.0
,1808.0,0.0,0.0
,1809.0,0.0,0.6785714285714286
,1810.0,0.3333333333333333,0.0
,1811.0,0.5084745762711864,0.0
,1812.0,0.0606060606060606,0.0
,1813.0,0.0,0.0
,1814.0,0.0,0.5357142857142857
,1815.0,0.0,0.0
,1816.0,0.0,0.0
,1817.0,0.8444444444444444,0.3414634146341463
,1818.0,0.0,0.0
,1819.0,0.0212765957446808,0.0
,1820.0,0.0,0.0
,1821.0,0.6818181818181818,0.0
,1822.0,0.5094339622641509,0.0
,1823.0,0.0,0.4166666666666667
,1824.0,0.0,0.0
,1825.0,0.391304347826087,0.3636363636363636
,1826.0,0.3671562082777032,0.0
,1827.0,0.6153846153846154,0.8378378378378378
,1828.0,0.0,0.8787878787878788
,1829.0,0.4736842105263157,0.1428571428571428
,1830.0,0.3809523809523809,0.7142857142857143
,1831.0,0.0,0.0
,1832.0,0.2,0.4166666666666667
,1833.0,0.0,0.0
,1834.0,0.6022727272727273,0.75
,1835.0,0.0,0.5789473684210527
,1836.0,0.625,0.0
,1837.0,0.28,0.8235294117647058
,1838.0,0.9318181818181818,0.3428571428571428
,1839.0,0.6744186046511628,0.0
,1840.0,0.4655172413793103,0.0
,1841.0,0.78125,0.631578947368421
,1842.0,0.0,0.4339622641509434
,1843.0,0.5357142857142857,0.2666666666666666
,1844.0,0.7551020408163265,0.6956521739130435
,1845.0,0.4615384615384615,0.0
,1846.0,0.5555555555555556,0.2222222222222222
,1847.0,0.5,0.0
,1848.0,0.8461538461538461,0.0
,1849.0,0.7058823529411765,0.0
,1850.0,0.0,0.0
,1851.0,0.0,0.6190476190476191
,1852.0,0.3076923076923077,0.0
,1853.0,0.9,0.746031746031746
,1854.0,0.0,0.0
,1855.0,0.0,0.0
,1856.0,0.1428571428571428,0.5344827586206896
,1857.0,0.6048387096774194,0.640625
,1858.0,0.3125,0.0
,1859.0,0.3333333333333333,0.8333333333333334
,1860.0,0.4444444444444444,0.9032258064516128
,1861.0,0.0,0.1052631578947368
,1862.0,0.1111111111111111,0.3793103448275862
,1863.0,0.5882352941176471,0.8636363636363636
,1864.0,0.575,0.4642857142857143
,1865.0,0.9444444444444444,0.5641025641025641
,1866.0,0.6190476190476191,0.0
,1867.0,0.25,0.0
,1868.0,0.0,0.6744186046511628
,1869.0,0.4444444444444444,0.0
,1870.0,0.0,0.4074074074074074
,1871.0,0.6086956521739131,0.0
,1872.0,0.3809523809523809,0.7
,1873.0,0.0,0.2727272727272727
,1874.0,0.0,0.1538461538461538
,1875.0,0.0,0.1818181818181818
,1876.0,0.3333333333333333,0.0
,1877.0,0.0,0.0
,1878.0,0.5106382978723404,0.391304347826087
,1879.0,0.0,0.4666666666666667
,1880.0,0.0,0.0
,1881.0,0.0,0.0
,1882.0,0.8,0.5
,1883.0,0.5,0.0
,1884.0,0.0,0.0
,1885.0,0.0,0.0
,1886.0,0.0,0.0
,1887.0,0.0555555555555555,0.0
,1888.0,0.1363636363636363,0.2727272727272727
,1889.0,0.0,0.0
,1890.0,0.0,0.0
100.0,,0.0,0.0
101.0,,0.0,0.0
102.0,,0.0,0.0
103.0,,0.3125,0.0
104.0,,0.0,0.0
105.0,,0.38095238095238093,0.35714285714285715
106.0,,0.0,0.2
107.0,,0.7096774193548387,0.0
108.0,,0.23529411764705882,0.0
109.0,,0.0,0.12244897959183673
110.0,,0.4666666666666667,0.0
111.0,,0.0,0.0
112.0,,0.0,0.0
113.0,,0.0,0.0
114.0,,0.0,0.2777777777777778
115.0,,0.0,0.5882352941176471
116.0,,0.0,0.23076923076923078
117.0,,0.7804878048780488,0.0
118.0,,0.2,0.08333333333333333
119.0,,0.0,0.0
120.0,,0.0,0.0
121.0,,0.29411764705882354,0.0625
122.0,,0.7586206896551724,0.4230769230769231
123.0,,0.0,0.0
124.0,,0.0,0.0
125.0,,0.0,0.0
126.0,,0.22727272727272727,0.0
127.0,,0.0,0.0
128.0,,0.0,0.0
129.0,,0.7272727272727273,0.0
130.0,,0.5671641791044776,0.0
131.0,,0.0,0.0
132.0,,0.0,0.20454545454545456
133.0,,0.06060606060606061,0.0
134.0,,0.0,0.0
135.0,,0.0,0.0
136.0,,0.0,0.0
137.0,,0.5454545454545454,0.7073170731707317
138.0,,0.0,0.0
139.0,,0.0,0.0
140.0,,0.1,0.5671641791044776
141.0,,0.0,0.46511627906976744
142.0,,0.0,0.25
143.0,,0.0,0.0
144.0,,0.0,0.0
145.0,,0.9428571428571428,0.0
146.0,,0.3125,0.0
147.0,,0.0,0.7619047619047619
148.0,,0.8695652173913043,0.18181818181818182
149.0,,0.0,0.5
150.0,,0.6666666666666666,0.0
151.0,,0.0,0.0
152.0,,0.0,0.0
153.0,,1.0,0.0
154.0,,0.0,0.0
155.0,,0.0,0.0
156.0,,0.0,0.15384615384615385
157.0,,0.525,0.14285714285714285
158.0,,0.0,0.0
159.0,,0.0,0.16666666666666666
160.0,,0.0,0.0
161.0,,0.0,0.3333333333333333
162.0,,0.2857142857142857,0.5714285714285714
163.0,,0.0,0.0
164.0,,0.0,0.0
165.0,,0.0,0.0
166.0,,0.0,0.0
167.0,,0.25,0.0
168.0,,0.7575757575757576,0.0
169.0,,0.0,0.0
170.0,,0.34375,0.0
171.0,,0.9090909090909091,0.0
172.0,,0.0,0.0
173.0,,0.43333333333333335,0.14705882352941177
174.0,,0.0,0.8387096774193549
175.0,,0.8285714285714286,0.0
176.0,,0.0,0.0
177.0,,0.0,0.0
178.0,,0.6333333333333333,0.6666666666666666
179.0,,0.0,0.0
180.0,,0.25,0.5416666666666666
181.0,,0.2,0.0
182.0,,0.0,0.0
183.0,,0.0,0.4482758620689655
184.0,,0.0,0.16326530612244897
185.0,,0.4166666666666667,0.5121951219512195
186.0,,0.0,0.0
187.0,,0.05263157894736842,0.5
188.0,,0.0,0.0
189.0,,0.0,0.21428571428571427
190.0,,0.2,0.0
191.0,,0.8181818181818182,0.1
192.0,,0.0,0.15625
193.0,,0.0,0.9130434782608695
194.0,,0.3333333333333333,0.0
195.0,,0.22727272727272727,0.0
196.0,,0.0,0.0
197.0,,0.5365853658536586,0.0
198.0,,0.452991452991453,0.05200000000004366
199.0,,0.8333333333333334,0.0
200.0,,0.0,0.6666666666666666
201.0,,0.0,0.0
202.0,,0.0,0.0
203.0,,0.0,0.0
204.0,,0.0,0.0
205.0,,0.0,0.0
206.0,,0.0,0.0
207.0,,0.47619047619047616,0.5
208.0,,0.0,0.38461538461538464
209.0,,0.0,0.0
210.0,,0.0,0.0
211.0,,0.7666666666666667,0.0
212.0,,0.09090909090909091,0.0
213.0,,0.42857142857142855,0.0
214.0,,0.0,0.0
215.0,,0.6666666666666666,0.0
216.0,,0.4666666666666667,0.0
217.0,,0.0,0.4482758620689655
218.0,,0.0,0.0
219.0,,0.0,0.0
220.0,,0.0,0.0
221.0,,0.0,0.0
222.0,,0.475,0.0
223.0,,0.625,0.0
224.0,,0.0,0.8333333333333334
225.0,,0.72,0.0
226.0,,0.0,0.0
227.0,,0.0,0.0
228.0,,0.5609756097560976,0.0
229.0,,0.0,0.0
230.0,,0.0,0.175
231.0,,0.0,0.0
232.0,,0.0,0.0
233.0,,0.0,0.6363636363636364
234.0,,0.0,0.0
235.0,,0.0,0.0
236.0,,0.0,0.6129032258064516
237.0,,0.0,0.0
238.0,,0.8666666666666667,0.0
239.0,,0.11764705882352941,0.0
240.0,,0.05263157894736842,0.25
241.0,,0.0,0.2839506172839506
242.0,,0.0,0.0
243.0,,0.0,0.0
244.0,,0.0,0.0
245.0,,0.0,0.25
246.0,,0.0,0.2857142857142857
247.0,,0.6111111111111112,0.8854961832061069
248.0,,0.0,0.0
249.0,,0.0,0.0
250.0,,0.0,0.0
251.0,,0.8,0.64
252.0,,0.0,0.0
253.0,,0.85,0.0
254.0,,0.9591836734693877,0.0
255.0,,0.0,0.0
256.0,,1.0,0.0
257.0,,0.0,0.0
258.0,,0.16666666666666666,0.0
259.0,,0.8,0.0
260.0,,0.0,0.0
261.0,,0.0,0.0
262.0,,0.18181818181818182,0.0
263.0,,0.0,0.6511627906976745
264.0,,0.0,0.0
265.0,,0.39316239316239315,0.0
266.0,,0.5294117647058824,0.0
267.0,,0.0,0.9166666666666666
268.0,,0.05263157894736842,0.0
269.0,,0.23076923076923078,0.0
270.0,,0.75,0.0
271.0,,0.0,0.0
272.0,,0.8,0.0
273.0,,0.0,0.05555555555555555
274.0,,0.0,0.0
275.0,,0.0,0.0
276.0,,0.0,0.0
277.0,,0.07407407407407407,0.0
278.0,,0.043478260869565216,0.0
279.0,,0.0,0.0
280.0,,0.0,0.4838709677419355
281.0,,0.0,0.0
282.0,,0.0,0.0
283.0,,0.0,0.0
284.0,,0.0,0.0
285.0,,0.0625,0.0
286.0,,0.0,0.0
287.0,,0.0,0.21739130434782608
288.0,,0.0,0.0
289.0,,0.0,0.0
290.0,,0.0,0.0
291.0,,0.0,0.0
292.0,,0.0,0.0
293.0,,0.5882352941176471,0.07692307692307693
294.0,,0.0,0.0
295.0,,0.16666666666666666,0.0
296.0,,0.0,0.6666666666666666
297.0,,0.3448275862068966,0.0
298.0,,0.8055555555555556,0.0
299.0,,0.0,0.0
300.0,,0.0,0.0
301.0,,0.25,0.1111111111111111
302.0,,0.0,0.0
303.0,,0.23529411764705882,0.0
304.0,,0.44,0.0
305.0,,0.0,0.5833333333333334
306.0,,0.0,0.0
307.0,,0.0,0.0
308.0,,0.9090909090909091,0.5357142857142857
309.0,,0.8333333333333334,0.0
310.0,,0.0,0.0
311.0,,0.0,0.058823529411764705
312.0,,0.0,0.0
313.0,,0.0,0.0
314.0,,0.3269230769230769,0.35294117647058826
315.0,,0.0,0.0
316.0,,0.6,0.8727272727272727
317.0,,0.0,0.0
318.0,,0.0,0.0
319.0,,0.0,0.6190476190476191
320.0,,0.0,0.15217391304347827
321.0,,0.0,0.7931034482758621
322.0,,0.8181818181818182,0.8205128205128205
323.0,,0.3333333333333333,0.0
324.0,,0.0,0.0
325.0,,0.0,0.0
326.0,,0.32142857142857145,0.0
327.0,,0.0,0.0
328.0,,0.0,0.0
329.0,,0.3125,0.0
330.0,,0.3125,0.0
331.0,,0.0,0.0
332.0,,0.0,0.8181818181818182
333.0,,0.0,0.12
334.0,,0.0,0.0
335.0,,0.5833333333333334,0.8387096774193549
336.0,,0.1111111111111111,0.5625
337.0,,0.0,0.5
338.0,,0.0,0.0
339.0,,0.0,0.0
340.0,,0.0,0.47368421052631576
341.0,,0.6774193548387096,0.0
342.0,,0.21875,0.5416666666666666
343.0,,0.0,0.7741935483870968
344.0,,0.0,0.0
345.0,,0.0,0.0
346.0,,0.0,0.6216216216216216
347.0,,0.0,0.0
348.0,,0.0,0.0
349.0,,0.1111111111111111,1.0
350.0,,0.0,0.0
351.0,,0.0,0.0
352.0,,0.0,0.0
353.0,,0.0,0.21428571428571427
354.0,,0.0,0.2727272727272727
355.0,,0.0,0.0
356.0,,0.0,0.0
357.0,,0.0,0.0
358.0,,0.0,0.0
359.0,,0.0,0.0
360.0,,0.0,0.46153846153846156
361.0,,0.0,0.0
362.0,,0.0,0.0
363.0,,0.0,0.0
364.0,,0.0,0.0
365.0,,0.0,0.6111111111111112
366.0,,0.0,0.0
367.0,,0.8305084745762712,0.21052631578947367
368.0,,0.0,0.9166666666666666
369.0,,0.0,0.0
370.0,,0.2,0.39215686274509803
371.0,,0.0,0.6718266253869969
372.0,,0.0,0.7
373.0,,0.0,0.0
374.0,,0.0,0.0
375.0,,0.0,0.0
376.0,,0.0,0.0
377.0,,0.0,0.0
378.0,,0.0,0.0
379.0,,0.0,0.0
380.0,,0.0,0.23333333333333334
381.0,,0.0,0.0
382.0,,0.8222222222222222,0.4782608695652174
383.0,,0.058823529411764705,0.0
384.0,,0.0,0.6
385.0,,0.0,0.0
386.0,,0.0,0.0
387.0,,0.0,0.0
388.0,,0.6410256410256411,0.0
389.0,,0.0,0.0
390.0,,0.0,0.0
391.0,,0.0,0.0
392.0,,0.0,0.2777777777777778
393.0,,0.975609756097561,0.0
394.0,,0.44,0.0
395.0,,0.0,0.0
396.0,,0.0,0.0
397.0,,0.0,0.0
398.0,,0.0,0.6071428571428571
399.0,,0.23809523809523808,0.14285714285714285
400.0,,0.0,0.0
401.0,,0.0,0.26666666666666666
402.0,,0.0,0.0
403.0,,0.0,0.125
404.0,,0.0,0.1
405.0,,0.0,0.0
406.0,,0.0,0.0
407.0,,0.0,0.0
408.0,,0.6304347826086957,0.0
409.0,,0.0,0.0
410.0,,0.0,0.0
411.0,,0.0,0.0
412.0,,0.0,0.0
413.0,,0.0,0.0
414.0,,0.0,0.0
415.0,,0.0,0.0
416.0,,0.0,0.0
417.0,,0.0,0.0
418.0,,0.0,0.20833333333333334
419.0,,0.0,0.0
420.0,,0.7142857142857143,0.0
421.0,,0.0,0.3888888888888889
422.0,,0.0,0.0
423.0,,0.0,0.6333333333333333
424.0,,0.425531914893617,0.0
425.0,,0.7777777777777778,0.0
426.0,,0.3333333333333333,0.0
427.0,,0.48936170212765956,0.14285714285714285
428.0,,0.0,0.0
429.0,,0.0,0.4166666666666667
430.0,,0.1875,0.6451612903225806
431.0,,0.0,0.0
432.0,,0.0,0.0
433.0,,0.0,0.0
434.0,,0.0,0.0
435.0,,0.0,0.0
436.0,,0.8431372549019608,0.04799999999995634
437.0,,0.0,0.0
438.0,,0.0,0.0
439.0,,0.0,0.0
440.0,,0.0,0.0
441.0,,0.0,0.2
442.0,,0.0,0.16666666666666666
443.0,,0.0,0.0
444.0,,0.0,0.26666666666666666
445.0,,0.0,0.0
446.0,,0.0,0.0
447.0,,0.0,0.8846153846153846
448.0,,0.0,0.53125
449.0,,0.0,0.5
450.0,,0.0,0.25
451.0,,0.0,0.0
452.0,,0.0,0.0
453.0,,0.16,0.0
454.0,,0.21052631578947367,0.4375
455.0,,0.0,0.8181818181818182
456.0,,0.0,0.6285714285714286
457.0,,0.06666666666666667,0.4444444444444444
458.0,,0.15625,0.0
459.0,,0.07692307692307693,0.0
460.0,,0.8837209302325582,0.0
461.0,,0.0,0.4772727272727273
462.0,,0.8979591836734694,0.2608695652173913
463.0,,0.0,0.625
464.0,,0.8181818181818182,0.0
465.0,,0.0,0.0
466.0,,0.3684210526315789,0.0
467.0,,0.6818181818181818,0.4
468.0,,0.0,0.0
469.0,,0.0,0.0
470.0,,0.0,0.34615384615384615
471.0,,0.29411764705882354,0.3333333333333333
472.0,,0.29411764705882354,0.5
473.0,,0.5714285714285714,0.0
474.0,,0.0,0.0
475.0,,0.3684210526315789,0.0
476.0,,0.0,0.8604651162790697
477.0,,0.0,0.28
478.0,,0.043478260869565216,0.0
479.0,,0.0,0.6578947368421053
480.0,,0.0,0.0
481.0,,0.0,0.46153846153846156
482.0,,0.7692307692307693,0.0
483.0,,0.0,0.0
484.0,,0.0,0.0
485.0,,0.0,0.0
486.0,,0.5384615384615384,0.0
487.0,,0.0,0.0
488.0,,0.0,0.1935483870967742
489.0,,0.0,0.6666666666666666
490.0,,0.21153846153846154,0.6006191950464397
491.0,,0.28,0.5555555555555556
492.0,,0.7142857142857143,0.4838709677419355
493.0,,0.0,0.0
494.0,,0.0,0.0625
495.0,,0.0,0.6153846153846154
496.0,,0.0,0.5882352941176471
497.0,,0.0,0.627906976744186
498.0,,0.0,0.3391999999999825
499.0,,0.0,0.038461538461538464
500.0,,0.0,0.1
501.0,,0.5662222222222125,0.0
502.0,,0.18181818181818182,0.8695652173913043
503.0,,0.0,0.0
504.0,,0.8260869565217391,0.0
505.0,,0.11538461538461539,0.42857142857142855
506.0,,0.0,0.0
507.0,,0.0,0.0
508.0,,0.0,0.19230769230769232
509.0,,0.0,0.0
510.0,,0.5714285714285714,0.016666666666666666
511.0,,0.0,0.0
512.0,,0.0,0.0
513.0,,0.25,0.8333333333333334
514.0,,0.0,0.0
515.0,,0.0,0.0
516.0,,0.18181818181818182,0.0
517.0,,0.0,0.0
518.0,,0.0,0.0
519.0,,0.9076923076923077,0.8571428571428571
520.0,,0.0,0.7096774193548387
521.0,,0.0,0.0
522.0,,0.0,0.0
523.0,,0.0,0.0
524.0,,0.0,0.0
525.0,,0.25,0.0
526.0,,0.0,0.07317073170731707
527.0,,0.6666666666666666,0.21428571428571427
528.0,,0.0,0.08333333333333333
529.0,,0.1875,0.0
530.0,,0.32142857142857145,0.23529411764705882
531.0,,0.0,0.0
532.0,,0.0,0.15384615384615385
533.0,,0.0,0.0
534.0,,0.0,0.41379310344827586
535.0,,0.0,0.0
536.0,,0.0,0.0
537.0,,0.2692307692307692,0.35294117647058826
538.0,,0.5151515151515151,0.0
539.0,,0.0,0.0
540.0,,0.0,0.20153846153845315
541.0,,0.0,0.0
542.0,,0.0,0.4819277108433735
543.0,,0.6551111111111014,0.5294117647058824
544.0,,0.0,0.0
545.0,,0.5681818181818182,0.3333333333333333
546.0,,0.0,0.0
547.0,,0.0,0.0
548.0,,0.0,0.0
549.0,,0.0,0.0
550.0,,0.0,0.0
551.0,,0.6086956521739131,0.2413793103448276
552.0,,0.26666666666666666,0.0
553.0,,0.0,0.125
554.0,,0.5,0.0
555.0,,0.0,0.0
556.0,,0.05,0.0
557.0,,0.0,0.0
558.0,,0.25,0.48
559.0,,0.058823529411764705,0.0
560.0,,0.8666666666666667,0.26666666666666666
561.0,,0.0,0.0
562.0,,0.0,0.0
563.0,,0.0,0.673469387755102
564.0,,0.7037037037037037,0.2413793103448276
565.0,,0.0,0.0
566.0,,0.0,0.0
567.0,,0.16666666666666666,0.53125
568.0,,0.0,0.5675675675675675
569.0,,0.0,0.5483870967741935
570.0,,0.14285714285714285,0.0
571.0,,0.0,0.30303030303030304
572.0,,0.0,0.0
573.0,,0.19047619047619047,0.2857142857142857
574.0,,0.0,0.0
575.0,,0.0,0.0
576.0,,0.0,0.0
577.0,,0.0,0.2222222222222222
578.0,,0.0,0.0
579.0,,0.0,0.0
580.0,,0.0,0.0
581.0,,0.1111111111111111,0.0
582.0,,0.0,0.7910447761194029
583.0,,0.0,0.4583333333333333
584.0,,0.0,0.0
585.0,,0.0,0.0
586.0,,0.0,0.0
587.0,,0.0,0.0
588.0,,0.0,0.0
589.0,,0.0,0.5671641791044776
590.0,,0.0,0.0
591.0,,0.0,0.4444444444444444
592.0,,0.0,0.0
593.0,,0.0,0.0
594.0,,0.18181818181818182,0.2
595.0,,0.0,0.0
596.0,,0.9512195121951219,0.0
597.0,,0.42857142857142855,0.0
598.0,,0.0,0.0
599.0,,0.0,0.0
600.0,,0.0,0.0
601.0,,0.34782608695652173,0.0
602.0,,0.0,0.0
603.0,,0.536,0.0
604.0,,0.0,0.0
605.0,,0.7636363636363637,0.0
606.0,,0.32142857142857145,0.0
607.0,,0.45652173913043476,0.5
608.0,,0.0,0.6585365853658537
609.0,,0.5882352941176471,0.37037037037037035
610.0,,0.0,0.8214285714285714
611.0,,0.0,0.1388888888888889
612.0,,0.0,0.0
613.0,,0.0,0.0
614.0,,0.0,0.0
615.0,,0.0,0.0
616.0,,0.8461538461538461,0.0
617.0,,0.8205128205128205,0.03571428571428571
618.0,,0.0,0.0
619.0,,0.0,0.0
620.0,,0.0,0.0
621.0,,0.0,0.0
622.0,,0.0,0.0
623.0,,0.3333333333333333,0.0
624.0,,0.0,0.0
625.0,,0.5238095238095238,0.0
626.0,,0.0,0.0
627.0,,0.38461538461538464,0.0
628.0,,0.0,0.0
629.0,,0.0,0.5714285714285714
630.0,,0.2222222222222222,0.0
631.0,,0.0,0.0
632.0,,0.125,0.0
633.0,,0.0,0.0
634.0,,0.0,0.0
635.0,,0.0,0.0
636.0,,0.0,0.0
637.0,,0.7636363636363637,0.0
638.0,,0.0,0.5555555555555556
639.0,,0.8775510204081632,0.0
640.0,,0.0,0.0
641.0,,0.0,0.5454545454545454
642.0,,0.0,0.0
643.0,,0.0,0.2857142857142857
644.0,,0.0,0.0
645.0,,0.0,0.42857142857142855
646.0,,0.0,0.4444444444444444
647.0,,0.0,0.125
648.0,,0.0,0.19298245614035087
649.0,,0.058823529411764705,0.0
650.0,,0.0,0.0
651.0,,0.5714285714285714,0.3076923076923077
652.0,,0.0,0.0
653.0,,0.0,0.8367346938775511
654.0,,0.0,0.0
655.0,,0.5106382978723404,0.0
656.0,,0.8979591836734694,0.0
657.0,,0.0,0.0
658.0,,0.3806818181818182,0.34782608695652173
659.0,,0.0,0.0
660.0,,0.0,0.6136363636363636
661.0,,0.4523809523809524,0.0
662.0,,0.0,0.0
663.0,,0.0,0.0
664.0,,0.0,0.0
665.0,,0.0,0.4666666666666667
666.0,,0.5641025641025641,0.2777777777777778
667.0,,0.0,0.0
668.0,,0.0,0.09090909090909091
669.0,,0.18181818181818182,0.6
670.0,,0.0,0.5
671.0,,0.0,0.9090909090909091
672.0,,0.0,0.0
673.0,,0.0,0.0
674.0,,0.3888888888888889,0.0
675.0,,0.0,0.0
676.0,,0.0,0.0
677.0,,0.2,0.0625
678.0,,0.0,0.0
679.0,,0.0,0.0
680.0,,0.0,0.0
681.0,,0.0,0.0
682.0,,0.0,0.42857142857142855
683.0,,0.391304347826087,0.45454545454545453
684.0,,0.8333333333333334,0.38095238095238093
685.0,,0.0,0.0
686.0,,0.0,0.0
687.0,,0.0,0.0
688.0,,0.0,0.0
689.0,,0.25,0.0
690.0,,0.0,0.0
691.0,,0.5,0.0
692.0,,0.0,0.0
693.0,,0.0,0.13333333333333333
694.0,,0.9944444444444445,0.17721518987341772
695.0,,0.0,0.0
696.0,,0.0,0.0
697.0,,0.0,0.0
698.0,,0.0,0.0
699.0,,0.5,0.0
700.0,,0.0,0.0
701.0,,0.7272727272727273,0.0
702.0,,0.0,0.019230769230769232
703.0,,0.0,0.0
704.0,,0.0,0.0
705.0,,0.0,0.0
706.0,,0.0,0.0
707.0,,0.0,0.125
708.0,,0.0,0.0
709.0,,0.0,0.0
710.0,,0.0,0.0
711.0,,0.125,0.0
712.0,,0.0,0.0
713.0,,0.0,0.0
714.0,,0.28125,0.0
715.0,,0.0,0.6153846153846154
716.0,,0.0,0.0
717.0,,0.0,0.8108108108108109
718.0,,0.0,0.28125
719.0,,0.6,0.10526315789473684
720.0,,0.0,0.5862068965517241
721.0,,0.0,0.0
722.0,,0.0,0.0
723.0,,0.4857142857142857,0.0
724.0,,0.09090909090909091,0.0
725.0,,0.0,0.2631578947368421
726.0,,0.0,0.25
727.0,,0.0,0.0
728.0,,0.0,0.0
729.0,,0.0,0.0
730.0,,0.0,0.0
731.0,,0.6666666666666666,0.0
732.0,,0.0,0.0
733.0,,0.0,0.0
734.0,,0.0,0.8484848484848485
735.0,,1.0,0.0
736.0,,0.0,0.7023809523809523
737.0,,0.0,0.0
738.0,,0.45454545454545453,0.0
739.0,,0.0,0.2
740.0,,0.25,0.07142857142857142
741.0,,0.0,0.7727272727272727
742.0,,0.0,0.0
743.0,,0.0,0.0
744.0,,0.0,0.06521739130434782
745.0,,0.0,0.0
746.0,,0.0,0.0
747.0,,0.0,0.1111111111111111
748.0,,0.12,0.0
749.0,,0.0,0.0
750.0,,0.0,0.0
751.0,,0.0,0.0
752.0,,0.0,0.3157894736842105
753.0,,0.0,0.0
754.0,,0.0,0.044444444444444446
755.0,,0.0,0.23529411764705882
756.0,,0.0,0.0
757.0,,0.6,0.0
758.0,,0.6304347826086957,0.32
759.0,,0.0,0.4642857142857143
760.0,,0.0,0.0
761.0,,0.0,0.0
762.0,,0.9166666666666666,0.0
763.0,,0.7692307692307693,0.0
764.0,,0.0,0.0
765.0,,0.9333333333333333,0.0
766.0,,0.0,0.0
767.0,,0.4166666666666667,0.0
768.0,,0.0,0.34146341463414637
769.0,,0.3333333333333333,0.0
770.0,,0.0,0.6428571428571429
771.0,,0.0,0.0
772.0,,0.0,0.0
773.0,,0.0,0.9574468085106383
774.0,,0.575,0.0
775.0,,0.0,0.0
776.0,,0.0,0.0
777.0,,0.0,0.0
778.0,,0.0,0.0
779.0,,0.0,0.43333333333333335
780.0,,0.0,0.0
781.0,,0.3,0.0
782.0,,0.0,0.0
783.0,,0.0,0.0
784.0,,0.2692307692307692,0.0
785.0,,0.0,0.0
786.0,,0.0,0.0
787.0,,0.0,0.5480769230769231
788.0,,0.0,0.9491525423728814
789.0,,0.0,0.25
790.0,,0.0,0.0
791.0,,0.35294117647058826,0.2
792.0,,0.5,0.03076923076923077
793.0,,0.0,0.0
794.0,,0.0,0.0
795.0,,0.5641025641025641,0.0
796.0,,0.0,0.0
797.0,,0.8666666666666667,0.0
798.0,,0.0,0.9322033898305084
799.0,,0.0,0.0
800.0,,0.0,0.4074074074074074
801.0,,0.0,0.0
802.0,,0.0,0.0
803.0,,0.1536885245901605,0.0
804.0,,0.0,0.3333333333333333
805.0,,0.0,0.0
806.0,,0.0,0.0
807.0,,0.7083333333333334,0.36538461538461536
808.0,,0.0,0.0
809.0,,0.15384615384615385,0.0
810.0,,0.0,0.0
811.0,,0.0,0.0
812.0,,0.0,0.8571428571428571
813.0,,0.0,0.0
814.0,,0.0,0.25
815.0,,0.0,0.0
816.0,,0.2,0.6153846153846154
817.0,,0.5294117647058824,0.0
818.0,,0.0,0.0
819.0,,0.0,0.0
820.0,,0.0,0.0
821.0,,0.0,0.0
822.0,,0.42613636363636365,0.0
823.0,,0.0,0.0
824.0,,0.0,0.0
825.0,,0.0,0.34782608695652173
826.0,,0.0,0.8166666666666667
827.0,,0.0,0.15789473684210525
828.0,,0.9583333333333334,0.0
829.0,,0.0,0.1111111111111111
830.0,,0.0,0.0
831.0,,0.0,0.5294117647058824
832.0,,0.0,0.6111111111111112
833.0,,0.0,0.0
834.0,,0.0,0.0
835.0,,0.0,0.0
836.0,,0.0,0.0
837.0,,0.0,0.0
838.0,,0.6,0.0
839.0,,0.8181818181818182,0.0
840.0,,0.0,0.0
841.0,,0.23076923076923078,0.0
842.0,,0.0,0.0
843.0,,0.0,0.0
844.0,,0.0,0.47619047619047616
845.0,,0.0,0.0
846.0,,0.0,0.0
847.0,,0.7647058823529411,0.10526315789473684
848.0,,0.0,0.5714285714285714
849.0,,0.0,0.0
850.0,,0.0,0.0
851.0,,0.0,0.0
852.0,,0.7555555555555555,0.0
853.0,,0.38461538461538464,0.4
854.0,,0.44,0.35294117647058826
855.0,,0.0,0.0
856.0,,0.0,0.0
857.0,,0.4444444444444444,0.0
858.0,,0.5,0.0
859.0,,0.4090909090909091,0.0
860.0,,0.0,0.0
861.0,,0.2692307692307692,0.0
862.0,,0.0,0.19047619047619047
863.0,,0.7551020408163265,0.0
864.0,,0.55,0.0
865.0,,0.0,0.1111111111111111
866.0,,0.0,0.0
867.0,,0.0,0.038461538461538464
868.0,,0.2727272727272727,0.0
869.0,,0.0,0.0
870.0,,0.36666666666666664,0.0
871.0,,0.8769230769230769,0.0
872.0,,0.0,0.0
873.0,,0.0,0.0
874.0,,0.0,0.0
875.0,,0.0,0.0
876.0,,0.0,0.30434782608695654
877.0,,0.0,0.0
878.0,,0.2553191489361702,0.0
879.0,,0.058823529411764705,0.0
880.0,,0.0,0.2692307692307692
881.0,,0.0,0.0
882.0,,0.0,0.8636363636363636
883.0,,0.2857142857142857,1.0
884.0,,0.0,0.25
885.0,,0.0,0.0
886.0,,0.0,0.9777777777777777
887.0,,0.0,0.0
888.0,,0.0,0.21428571428571427
889.0,,0.0,0.0
890.0,,0.0,0.05263157894736842
891.0,,0.47619047619047616,0.0
892.0,,0.2692307692307692,0.2222222222222222
893.0,,0.0,0.4166666666666667
894.0,,0.0,0.0
895.0,,0.0,0.0
896.0,,0.5,0.2727272727272727
897.0,,0.4666666666666667,0.3333333333333333
898.0,,0.0,0.0
899.0,,0.0,0.0
900.0,,0.0,0.3
901.0,,0.0,0.43478260869565216
902.0,,0.0,0.5106382978723404
903.0,,0.6470588235294118,0.0
904.0,,0.47058823529411764,0.0
905.0,,0.3,0.0
906.0,,0.0,0.7307692307692307
907.0,,0.0,0.0
908.0,,0.5714285714285714,0.0
909.0,,0.0,0.0
910.0,,0.0,0.0
911.0,,0.0,0.0
912.0,,0.06666666666666667,0.0
913.0,,0.0,0.0
914.0,,0.21875,0.04
915.0,,0.23809523809523808,0.0
916.0,,0.0,0.0
917.0,,0.3333333333333333,0.375
918.0,,0.6666666666666666,0.0
919.0,,0.0,0.0
920.0,,0.3076923076923077,0.0
921.0,,0.0,0.0
922.0,,0.0,0.8666666666666667
923.0,,0.0,0.0
924.0,,0.0,0.0
925.0,,0.2692307692307692,0.0
926.0,,0.0,0.5555555555555556
927.0,,0.21739130434782608,0.3
928.0,,0.7627118644067796,0.0
929.0,,0.0,0.0
930.0,,0.0,0.5833333333333334
931.0,,0.5714285714285714,0.0
932.0,,0.27586206896551724,0.0
933.0,,0.0,0.0
934.0,,0.05263157894736842,0.0
935.0,,0.2222222222222222,0.3125
936.0,,0.0,0.0
937.0,,0.06060606060606061,0.0
938.0,,0.3235294117647059,0.0
939.0,,0.0,0.0
940.0,,0.0,0.0
941.0,,0.2608695652173913,0.0
942.0,,0.0,0.7083333333333334
943.0,,0.11363636363636363,0.0
944.0,,0.38461538461538464,0.0
945.0,,0.0,0.5641025641025641
946.0,,0.7796610169491526,0.0
947.0,,0.9183673469387755,0.0
948.0,,0.0,0.18181818181818182
949.0,,0.8333333333333334,0.08
950.0,,0.18181818181818182,0.0
951.0,,0.0,0.5
952.0,,0.4166666666666667,0.0
953.0,,0.0,0.0
954.0,,0.0,0.0
955.0,,0.46153846153846156,0.09090909090909091
956.0,,0.0,0.0
957.0,,0.9591836734693877,0.0
958.0,,0.0,0.0
959.0,,0.05063291139240506,0.2413793103448276
960.0,,0.0,0.0
961.0,,0.42857142857142855,0.0
962.0,,0.3333333333333333,0.0
963.0,,0.0,0.01818181818181818
964.0,,0.8061224489795918,0.0
965.0,,0.0,0.0
966.0,,0.8604651162790697,0.0
967.0,,0.0,0.0
968.0,,0.0,0.7727272727272727
969.0,,0.0,0.5
970.0,,0.1111111111111111,0.0
971.0,,0.0,0.0
972.0,,0.0,0.07142857142857142
973.0,,0.0,0.0
974.0,,0.0,0.0
975.0,,0.0,0.1875
976.0,,0.0,0.0
977.0,,0.0,0.0
978.0,,0.0,0.0
979.0,,0.0,0.0
980.0,,0.0,0.47619047619047616
981.0,,0.0,0.0
982.0,,0.0,1.0
983.0,,0.0,0.0
984.0,,0.16666666666666666,0.0
985.0,,0.0,0.0
986.0,,0.0,0.0
987.0,,0.0,0.5172413793103449
988.0,,0.0,0.0
989.0,,0.0,0.8604651162790697
990.0,,0.0,0.0
991.0,,0.0,0.0
992.0,,0.0,0.18181818181818182
993.0,,0.0,0.7027027027027027
994.0,,0.5,0.0
995.0,,0.5227272727272727,0.0
996.0,,0.0,0.0
997.0,,0.6111111111111112,0.0
998.0,,0.5238095238095238,0.0
999.0,,0.0,0.0
1000.0,,0.0,0.1111111111111111
1001.0,,0.0,0.0
1002.0,,0.0,0.0
1003.0,,0.0,0.0
1004.0,,0.44,0.1111111111111111
1005.0,,0.0,0.0
1006.0,,0.0,0.0
1007.0,,0.0,0.0
1008.0,,0.038461538461538464,0.0
1009.0,,0.0,0.0
1010.0,,0.0,0.0
1011.0,,0.0,0.0
1012.0,,0.0,0.0
1013.0,,0.0,0.0
1014.0,,0.15,0.0
1015.0,,0.2857142857142857,0.0
1016.0,,0.0,0.25925925925925924
1017.0,,0.0,0.14285714285714285
1018.0,,0.1276595744680851,0.1875
1019.0,,0.8333333333333334,0.0
1020.0,,0.8666666666666667,0.5882352941176471
1021.0,,0.5405405405405406,0.0
1022.0,,0.8015267175572519,0.0
1023.0,,0.0,0.0
1024.0,,0.0,0.3404255319148936
1025.0,,0.0,0.0
1026.0,,0.0,0.0
1027.0,,0.6363636363636364,0.0
1028.0,,0.0,0.0
1029.0,,0.0,0.0
1030.0,,0.8833333333333333,0.0
1031.0,,0.0,0.0
1032.0,,1.0,0.0
1033.0,,0.0,0.2857142857142857
1034.0,,0.7727272727272727,0.08333333333333333
1035.0,,0.0,0.0
1036.0,,0.0,0.05555555555555555
1037.0,,0.0,0.0
1038.0,,0.0,0.0
1039.0,,0.0,0.0
1040.0,,0.0,0.0
1041.0,,0.0,0.0
1042.0,,0.0,0.6
1043.0,,0.2777777777777778,0.0
1044.0,,0.47058823529411764,0.0
1045.0,,0.0,0.6470588235294118
1046.0,,0.0,0.4666666666666667
1047.0,,0.0,0.0
1048.0,,0.0,0.0
1049.0,,0.34782608695652173,0.0
1050.0,,0.9032258064516129,0.0
1051.0,,0.0,0.8947368421052632
1052.0,,0.45714285714285713,0.0
1053.0,,0.0,0.6666666666666666
1054.0,,0.0,0.0
1055.0,,0.0,0.0
1056.0,,0.0,0.0
1057.0,,0.28,0.0
1058.0,,0.391304347826087,0.0
1059.0,,0.0,0.0
1060.0,,0.0,0.0
1061.0,,0.0,0.09090909090909091
1062.0,,0.432,0.0
1063.0,,0.0,0.0
1064.0,,0.0,0.0
1065.0,,0.0,0.0
1066.0,,0.0,0.0
1067.0,,0.7777777777777778,0.6346153846153846
1068.0,,0.0,0.0
1069.0,,0.631578947368421,0.0
1070.0,,0.0,0.0
1071.0,,0.30303030303030304,0.16666666666666666
1072.0,,0.0,0.7142857142857143
1073.0,,0.0,0.26666666666666666
1074.0,,0.0,0.0
1075.0,,0.46938775510204084,0.417910447761194
1076.0,,0.0,0.0
1077.0,,0.8,0.5
1078.0,,0.0,0.0
1079.0,,0.0,0.0
1080.0,,0.0,0.0
1081.0,,0.0,0.0
1082.0,,0.5714285714285714,0.13333333333333333
1083.0,,0.0,0.0
1084.0,,0.0,0.5384615384615384
1085.0,,0.375,0.0
1086.0,,0.0,0.0
1087.0,,0.8461538461538461,0.0
1088.0,,0.0,0.0
1089.0,,0.0,0.0
1090.0,,0.0,0.44776119402985076
1091.0,,0.0,0.0
1092.0,,0.0,0.0
1093.0,,0.6666666666666666,0.06521739130434782
1094.0,,0.1,0.0
1095.0,,0.0,0.0
1096.0,,0.0,0.0
1097.0,,0.4827586206896552,0.0
1098.0,,0.26666666666666666,0.0
1099.0,,0.6551724137931034,0.0
1100.0,,0.0,0.0
1101.0,,0.0,0.25
1102.0,,0.9428571428571428,0.5
1103.0,,0.4375,0.8181818181818182
1104.0,,0.0,0.0
1105.0,,0.0,0.0
1106.0,,0.0,0.0
1107.0,,0.0,0.0
1108.0,,0.0,0.18181818181818182
1109.0,,0.0,0.0
1110.0,,0.0,0.0
1111.0,,0.7777777777777778,0.0
1112.0,,0.0,0.0
1113.0,,0.0,0.26666666666666666
1114.0,,0.0,0.6532258064516129
1115.0,,0.0,0.0
1116.0,,0.0,0.0
1117.0,,0.5952380952380952,0.0
1118.0,,0.0,0.0
1119.0,,0.3333333333333333,0.0
1120.0,,0.0,0.8181818181818182
1121.0,,0.0,0.0
1122.0,,0.8,0.0
1123.0,,0.0,0.0
1124.0,,0.0,0.0
1125.0,,0.08333333333333333,0.0
1126.0,,0.4782608695652174,0.4782608695652174
1127.0,,0.0,0.0
1128.0,,0.8484848484848485,0.0
1129.0,,0.0,0.0
1130.0,,0.5555555555555556,0.0
1131.0,,0.0,0.0
1132.0,,0.0,0.0
1133.0,,0.0,0.0
1134.0,,0.0,0.0
1135.0,,0.0,0.0
1136.0,,0.7151702786377709,0.0
1137.0,,0.0,0.0
1138.0,,0.0,0.11538461538461539
1139.0,,0.0,0.0
1140.0,,0.0,0.0
1141.0,,0.0,0.0
1142.0,,0.0,0.7755102040816326
1143.0,,0.5333333333333333,0.0
1144.0,,0.23529411764705882,0.391304347826087
1145.0,,0.0,0.0
1146.0,,0.0,0.5555555555555556
1147.0,,0.16666666666666666,0.0
1148.0,,0.8780487804878049,0.5641025641025641
1149.0,,0.0,0.0
1150.0,,0.0,0.0
1151.0,,0.0,0.45652173913043476
1152.0,,0.0,0.0
1153.0,,0.0,0.352
1154.0,,0.0,0.0
1155.0,,0.0,0.0
1156.0,,0.0,0.5238095238095238
1157.0,,0.625,0.35714285714285715
1158.0,,0.0,0.0
1159.0,,0.4782608695652174,0.0
1160.0,,0.0,0.0
1161.0,,0.48,0.4090909090909091
1162.0,,0.5,0.0
1163.0,,0.0,0.0
1164.0,,0.38461538461538464,0.0
1165.0,,0.5,0.0
1166.0,,0.0,0.04
1167.0,,0.0,0.0
1168.0,,0.7727272727272727,0.782608695652174
1169.0,,0.0,0.875
1170.0,,0.44,0.0
1171.0,,0.0,0.0
1172.0,,0.46511627906976744,0.0
1173.0,,0.0,0.23333333333333334
1174.0,,0.0,0.0
1175.0,,0.25,0.043333333333369715
1176.0,,0.0,0.0
1177.0,,0.38095238095238093,0.0
1178.0,,0.0,0.43478260869565216
1179.0,,0.0,0.09090909090909091
1180.0,,0.0,0.0
1181.0,,0.3,0.0
1182.0,,0.0,0.0
1183.0,,0.0,0.0
1184.0,,0.0,0.0
1185.0,,0.0,0.5
1186.0,,0.0,0.0
1187.0,,0.5106382978723404,0.23529411764705882
1188.0,,0.0,0.0
1189.0,,0.0,0.0
1190.0,,0.23529411764705882,0.0
1191.0,,0.0,0.0
1192.0,,0.0,0.0
1193.0,,0.6818181818181818,0.0
1194.0,,0.0,0.0
1195.0,,0.391304347826087,0.0
1196.0,,0.0,0.0
1197.0,,0.0,0.0
1198.0,,0.7862595419847328,0.0
1199.0,,0.44,0.8846153846153846
1200.0,,0.7272727272727273,0.8108108108108109
1201.0,,0.0,0.23809523809523808
1202.0,,0.3617021276595745,0.0
1203.0,,0.5882352941176471,0.75
1204.0,,0.3,0.0
1205.0,,0.0,0.058823529411764705
1206.0,,0.0,0.0
1207.0,,0.07142857142857142,0.0
1208.0,,0.6785714285714286,0.7261904761904762
1209.0,,0.0,0.0
1210.0,,0.6666666666666666,0.0
1211.0,,0.0,0.7764705882352941
1212.0,,0.3333333333333333,0.0
1213.0,,0.0,0.0
1214.0,,0.0,0.0
1215.0,,0.48,0.0
1216.0,,0.3333333333333333,0.0
1217.0,,0.0,0.47619047619047616
1218.0,,0.0,0.0
1219.0,,0.0,0.0
1220.0,,0.30434782608695654,0.06666666666666667
1221.0,,0.4,0.4
1222.0,,0.0,0.0
1223.0,,0.10714285714285714,0.8604651162790697
1224.0,,0.4090909090909091,0.0625
1225.0,,0.0,0.1111111111111111
1226.0,,0.6923076923076923,0.0
1227.0,,0.0,0.0
1228.0,,0.1111111111111111,0.0
1229.0,,0.0,0.0
1230.0,,0.28,0.0
1231.0,,0.6428571428571429,0.0
1232.0,,0.6923076923076923,0.0
1233.0,,0.0,0.0
1234.0,,0.0,0.0
1235.0,,0.0,0.0
1236.0,,0.0,0.0
1237.0,,0.0,0.0
1238.0,,0.6304347826086957,0.1111111111111111
1239.0,,1.0,0.06620689655172665
1240.0,,0.0,0.0
1241.0,,0.0,0.0
1242.0,,0.0,0.0
1243.0,,0.25,0.07142857142857142
1244.0,,0.0,0.17647058823529413
1245.0,,0.0,0.0
1246.0,,0.0,0.0
1247.0,,0.0,0.8135593220338984
1248.0,,0.0,0.0
1249.0,,0.75,0.3
1250.0,,0.0,0.2
1251.0,,0.0,0.0
1252.0,,0.0,0.47368421052631576
1253.0,,0.0,0.06451612903225806
1254.0,,0.0,0.3
1255.0,,0.6333333333333333,0.0
1256.0,,0.0,0.0
1257.0,,0.0,1.0
1258.0,,0.06329113924050633,0.0
1259.0,,0.0,0.0
1260.0,,0.0,0.2
1261.0,,0.0,0.0
1262.0,,0.0,0.0
1263.0,,0.0,0.0
1264.0,,0.6176470588235294,0.0
1265.0,,0.6666666666666666,0.0
1266.0,,0.0,0.5833333333333334
1267.0,,0.0,0.0
1268.0,,0.0,0.0
1269.0,,0.0,0.0
1270.0,,0.0,0.0
1271.0,,0.0,0.5641025641025641
1272.0,,0.0,0.35714285714285715
1273.0,,0.7916666666666666,0.0
1274.0,,0.0,0.0
1275.0,,0.0,0.0
1276.0,,0.0,0.0
1277.0,,0.7083333333333334,0.0
1278.0,,0.0,0.0
1279.0,,0.0,0.0
1280.0,,0.8695652173913043,0.0
1281.0,,0.15789473684210525,0.0
1282.0,,0.0,0.0
1283.0,,0.8536585365853658,0.0
1284.0,,0.0,0.0
1285.0,,0.0,0.5671641791044776
1286.0,,0.5384615384615384,0.10714285714285714
1287.0,,0.0,0.16666666666666666
1288.0,,0.9090909090909091,0.0
1289.0,,0.0,0.0
1290.0,,0.14285714285714285,0.3076923076923077
1291.0,,0.16,0.0
1292.0,,0.0,0.0
1293.0,,0.7777777777777778,0.65
1294.0,,0.0,0.0
1295.0,,0.0,0.5384615384615384
1296.0,,0.0,0.36363636363636365
1297.0,,0.0,0.0
1298.0,,0.4444444444444444,0.13333333333333333
1299.0,,0.0,0.0
1300.0,,0.0,0.0
1301.0,,0.36363636363636365,0.08333333333333333
1302.0,,0.0,0.7317073170731707
1303.0,,0.28,0.0
1304.0,,0.0,0.0
1305.0,,0.14285714285714285,0.0
1306.0,,0.0,0.5238095238095238
1307.0,,0.0,0.0
1308.0,,0.0,0.2647058823529412
1309.0,,0.0,0.0
1310.0,,0.10638297872340426,0.0
1311.0,,0.3333333333333333,0.0
1312.0,,0.6666666666666666,0.0
1313.0,,0.0,0.0
1314.0,,0.0,0.0
1315.0,,0.0,0.12195121951219512
1316.0,,0.0,0.0
1317.0,,0.0,0.0
1318.0,,0.8,0.0
1319.0,,0.7777777777777778,0.07142857142857142
1320.0,,0.0,0.5263157894736842
1321.0,,0.8666666666666667,0.0
1322.0,,0.0,0.11428571428571428
1323.0,,0.0,0.0
1324.0,,0.0,0.0
1325.0,,0.46511627906976744,0.717948717948718
1326.0,,0.9,0.3391999999999825
1327.0,,0.0,0.3333333333333333
1328.0,,0.0,0.0
1329.0,,0.14285714285714285,0.0
1330.0,,0.6046511627906976,0.0
1331.0,,0.2647058823529412,0.0
1332.0,,0.0,0.5882352941176471
1333.0,,0.0,0.25
1334.0,,0.0,0.0
1335.0,,0.0,0.0
1336.0,,0.0,0.045454545454545456
1337.0,,0.0,0.0
1338.0,,0.0,0.0
1339.0,,0.043478260869565216,0.6470588235294118
1340.0,,0.0,0.5714285714285714
1341.0,,0.0,0.0
1342.0,,0.16666666666666666,0.0
1343.0,,0.0,0.0
1344.0,,0.0,0.5227272727272727
1345.0,,0.2962962962962963,0.0
1346.0,,0.0,0.0
1347.0,,0.6666666666666666,0.0
1348.0,,0.0,0.0
1349.0,,0.37037037037037035,0.0
1350.0,,0.0,0.5757575757575758
1351.0,,0.0,0.6756756756756757
1352.0,,0.0,0.0
1353.0,,0.6363636363636364,0.0
1354.0,,0.0,0.0
1355.0,,0.11764705882352941,0.0
1356.0,,0.0,0.6111111111111112
1357.0,,0.0,0.0
1358.0,,0.42857142857142855,0.0
1359.0,,0.0,0.0
1360.0,,0.25,0.0
1361.0,,0.4444444444444444,0.26666666666666666
1362.0,,0.5789473684210527,0.0
1363.0,,0.46153846153846156,0.0
1364.0,,0.0,0.13333333333333333
1365.0,,0.0,0.0
1366.0,,0.5333333333333333,0.0
1367.0,,0.0,0.0
1368.0,,0.0,0.0
1369.0,,0.0,0.125
1370.0,,0.0,0.0
1371.0,,0.0,0.0
1372.0,,0.4444444444444444,0.0
1373.0,,0.0,0.0
1374.0,,0.0,0.0
1375.0,,0.0,0.0
1376.0,,0.0,0.2857142857142857
1377.0,,0.10869565217391304,0.0
1378.0,,0.0,0.15384615384615385
1379.0,,0.0,0.0
1380.0,,0.38095238095238093,0.0
1381.0,,0.0,0.0
1382.0,,0.0,0.0
1383.0,,0.0,0.0
1384.0,,0.0,0.0
1385.0,,0.0,0.23333333333333334
1386.0,,0.0,0.0
1387.0,,0.0,0.0
1388.0,,0.8181818181818182,0.0
1389.0,,0.6428571428571429,0.0
1390.0,,0.0,0.0
1391.0,,0.0,0.0
1392.0,,0.2978723404255319,0.0
1393.0,,0.0,0.0
1394.0,,0.25,0.0
1395.0,,0.0,0.7
1396.0,,0.0,0.5555555555555556
1397.0,,0.0,0.45454545454545453
1398.0,,0.0,0.0
1399.0,,0.5405405405405406,0.0
1400.0,,0.16,0.3181818181818182
1401.0,,0.0,0.125
1402.0,,0.9,0.9387755102040817
1403.0,,0.6585365853658537,0.0
1404.0,,0.0,0.0
1405.0,,0.0,0.0
1406.0,,0.9523809523809523,0.0
1407.0,,0.8536585365853658,0.0
1408.0,,0.5609756097560976,0.0
1409.0,,0.0,0.1875
1410.0,,0.47058823529411764,0.8135593220338984
1411.0,,0.44680851063829785,0.21428571428571427
1412.0,,0.0,0.0
1413.0,,0.0,0.0
1414.0,,0.0,0.0
1415.0,,0.0,0.0
1416.0,,0.45714285714285713,1.0
1417.0,,0.0,0.0
1418.0,,0.0,0.0
1419.0,,0.0,0.021739130434782608
1420.0,,0.391304347826087,0.0
1421.0,,0.0,0.0
1422.0,,0.5294117647058824,0.0
1423.0,,0.0,0.6052631578947368
1424.0,,0.0,0.0
1425.0,,0.8466666666666546,0.0
1426.0,,0.0,0.6571428571428571
1427.0,,0.0,0.0
1428.0,,0.0,0.3125
1429.0,,0.0,0.0
1430.0,,0.0,0.0
1431.0,,0.0,0.0
1432.0,,0.0,0.0
1433.0,,0.0,0.0
1434.0,,0.3448275862068966,0.0
1435.0,,0.3333333333333333,0.0
1436.0,,0.0,0.5
1437.0,,0.6333333333333333,0.0
1438.0,,0.0,0.0
1439.0,,0.0,0.0
1440.0,,0.0,0.0
1441.0,,0.0,0.0
1442.0,,0.0,0.5909090909090909
1443.0,,0.0,0.23529411764705882
1444.0,,0.8518518518518519,0.08333333333333333
1445.0,,0.0,0.0
1446.0,,0.0,0.0
1447.0,,0.46511627906976744,0.0
1448.0,,0.2916666666666667,0.0
1449.0,,0.0,0.0
1450.0,,0.5882352941176471,0.0
1451.0,,0.0,0.0
1452.0,,0.0,0.0
1453.0,,0.0,0.0
1454.0,,0.0,0.0
1455.0,,0.0,0.0
1456.0,,0.4375,0.0
1457.0,,0.0,0.43243243243243246
1458.0,,0.375,0.0
1459.0,,0.0,0.5789473684210527
1460.0,,0.0,0.5
1461.0,,0.8979591836734694,0.0
1462.0,,0.0,0.0
1463.0,,0.0,0.0
1464.0,,0.8305084745762712,0.0
1465.0,,0.125,0.37037037037037035
1466.0,,0.0,0.0
1467.0,,0.0,0.0
1468.0,,0.0,0.0
1469.0,,0.0,0.05
1470.0,,0.18181818181818182,0.10504201680671787
1471.0,,0.0,0.5757575757575758
1472.0,,0.0,0.0
1473.0,,0.11538461538461539,0.0
1474.0,,0.42857142857142855,0.55
1475.0,,0.0,0.0
1476.0,,0.0,0.0
1477.0,,0.0,0.40625
1478.0,,0.0,0.0
1479.0,,0.0,0.0
1480.0,,0.5853658536585366,0.0
1481.0,,0.0,0.0
1482.0,,0.0,0.9166666666666666
1483.0,,0.0,0.25
1484.0,,0.6410256410256411,0.0
1485.0,,0.5625,0.0
1486.0,,0.0,0.7777777777777778
1487.0,,0.0,0.0
1488.0,,0.19047619047619047,0.0
1489.0,,0.0,0.0
1490.0,,0.48,0.35294117647058826
1491.0,,0.0,0.0
1492.0,,0.0,0.8636363636363636
1493.0,,0.0,0.0
1494.0,,0.0,0.0
1495.0,,0.75,0.0
1496.0,,0.0,0.5972222222222222
1497.0,,0.18181818181818182,0.0
1498.0,,0.0,0.0
1499.0,,0.0,0.0
1500.0,,0.0,0.65
1501.0,,0.0,0.0
1502.0,,0.043478260869565216,0.5238095238095238
1503.0,,0.68,0.17857142857142858
1504.0,,0.0,0.6538461538461539
1505.0,,0.25,0.0
1506.0,,0.7586206896551724,0.0
1507.0,,0.0,0.0
1508.0,,0.0,0.14285714285714285
1509.0,,0.0,0.5454545454545454
1510.0,,0.45454545454545453,0.0
1511.0,,0.0,0.5714285714285714
1512.0,,0.4,0.0
1513.0,,0.0,0.0
1514.0,,0.0,0.3
1515.0,,0.08695652173913043,0.0
1516.0,,0.0,0.0
1517.0,,0.17857142857142858,0.6923076923076923
1518.0,,0.0,0.1111111111111111
1519.0,,0.0,0.6666666666666666
1520.0,,0.0,0.04
1521.0,,0.0,0.0
1522.0,,0.39285714285714285,0.0
1523.0,,0.23529411764705882,0.0
1524.0,,0.0,0.2857142857142857
1525.0,,0.1,0.7551020408163265
1526.0,,0.0,0.0
1527.0,,0.0,0.0
1528.0,,0.9512195121951219,0.125
1529.0,,0.0,0.1
1530.0,,0.045454545454545456,0.0
1531.0,,0.0,0.125
1532.0,,0.0,0.0
1533.0,,0.7692307692307693,0.0
1534.0,,0.0,0.0
1535.0,,0.0,0.0
1536.0,,0.0,0.0
1537.0,,0.40476190476190477,0.0
1538.0,,0.0,0.875
1539.0,,0.125,0.0
1540.0,,0.34782608695652173,0.0
1541.0,,0.0,0.0
1542.0,,0.0,0.0
1543.0,,0.0,0.07692307692307693
1544.0,,0.0,0.0
1545.0,,0.0,0.0
1546.0,,0.0,0.7611940298507462
1547.0,,0.425531914893617,0.0
1548.0,,0.47619047619047616,0.0
1549.0,,0.0,0.34146341463414637
1550.0,,0.6296296296296297,0.0
1551.0,,0.0,0.0
1552.0,,0.4,0.0
1553.0,,0.0,0.0
1554.0,,0.9,0.0
1555.0,,0.0,0.4358974358974359
1556.0,,0.0,0.08333333333333333
1557.0,,0.0,0.17391304347826086
1558.0,,0.0,0.0
1559.0,,0.0,0.0
1560.0,,0.8333333333333334,0.0
1561.0,,0.0,0.5
1562.0,,0.6309523809523809,0.5972222222222222
1563.0,,0.0,0.0
1564.0,,0.0,0.0
1565.0,,0.0,0.0
1566.0,,0.0,0.42857142857142855
1567.0,,0.0,0.75
1568.0,,0.0,0.0
1569.0,,0.0,0.0
1570.0,,0.0,0.0
1571.0,,0.0,0.0
1572.0,,0.0,0.0
1573.0,,0.6774193548387096,0.0
1574.0,,0.0,0.5306122448979592
1575.0,,0.0,0.0
1576.0,,0.13043478260869565,0.0
1577.0,,0.0,0.7181818181818181
1578.0,,0.0,0.0
1579.0,,0.0,0.0
1580.0,,0.0,0.0
1581.0,,0.0,0.0
1582.0,,0.3333333333333333,0.47619047619047616
1583.0,,0.2,0.0
1584.0,,0.0,0.0
1585.0,,0.0,0.0
1586.0,,0.0,0.17857142857142858
1587.0,,0.0,0.8709677419354839
1588.0,,0.0,0.0
1589.0,,0.6086956521739131,0.0
1590.0,,0.20454545454545456,0.2
1591.0,,0.847457627118644,0.0
1592.0,,0.0,0.0
1593.0,,0.0,0.0
1594.0,,0.0,0.0
1595.0,,0.425531914893617,0.0
1596.0,,0.0,0.0
1597.0,,0.5,0.0
1598.0,,0.0,0.6888888888888889
1599.0,,0.07692307692307693,0.0
1600.0,,0.0,0.5
1601.0,,0.5789473684210527,0.4358974358974359
1602.0,,0.0,0.0
1603.0,,0.4,0.0
1604.0,,0.0,0.0
1605.0,,0.0,0.2
1606.0,,0.7058823529411765,0.0
1607.0,,0.125,0.0
1608.0,,0.0,0.0
1609.0,,0.0,0.0
1610.0,,0.0,0.0
1611.0,,0.0,0.0
1612.0,,0.18181818181818182,0.0
1613.0,,0.0,0.0
1614.0,,0.0,0.0
1615.0,,0.0,0.0
1616.0,,0.0,0.0
1617.0,,0.0,0.0
1618.0,,0.0,0.0
1619.0,,0.0,0.0
1620.0,,0.0,0.15517241379310345
1621.0,,0.0,0.0
1622.0,,0.0,0.14285714285714285
1623.0,,0.9487179487179487,0.1111111111111111
1624.0,,0.0,0.0
1625.0,,0.2857142857142857,0.0
1626.0,,0.0,0.2
1627.0,,0.8,0.0
1628.0,,0.0,0.0
1629.0,,0.0,0.0
1630.0,,0.0,0.0
1631.0,,0.05122950819672017,0.0
1632.0,,0.0,0.0
1633.0,,0.14285714285714285,0.0
1634.0,,0.625,0.7777777777777778
1635.0,,0.0,0.0
1636.0,,0.0,0.4666666666666667
1637.0,,0.0,0.0
1638.0,,0.6818181818181818,0.0
1639.0,,0.0,0.0
1640.0,,0.0,0.16666666666666666
1641.0,,0.0,0.4583333333333333
1642.0,,0.0,0.0
1643.0,,0.0,0.42857142857142855
1644.0,,0.0,0.25
1645.0,,0.0,0.0
1646.0,,0.0,0.0
1647.0,,0.13043478260869565,0.8571428571428571
1648.0,,1.0,0.0
1649.0,,0.0,0.640625
1650.0,,0.045454545454545456,0.0
1651.0,,0.36363636363636365,0.0
1652.0,,0.0,0.0
1653.0,,0.2916666666666667,0.0
1654.0,,0.16666666666666666,0.0
1655.0,,0.0,0.4722222222222222
1656.0,,0.0,0.0
1657.0,,0.0,0.2222222222222222
1658.0,,0.16666666666666666,0.0
1659.0,,0.0,0.0
1660.0,,0.0,0.3448275862068966
1661.0,,0.6442307692307693,0.17647058823529413
1662.0,,0.0,0.0
1663.0,,0.0,0.0
1664.0,,0.1111111111111111,0.0
1665.0,,0.0,0.0
1666.0,,0.0,0.0
1667.0,,0.0,0.0
1668.0,,0.22727272727272727,0.03125
1669.0,,0.0,0.0
1670.0,,0.0,0.0
1671.0,,0.0,0.5869565217391305
1672.0,,0.0,0.0
1673.0,,0.0,0.0
1674.0,,0.0,0.0
1675.0,,0.8135593220338984,0.4418604651162791
1676.0,,0.0,0.0
1677.0,,0.0,0.0
1678.0,,0.0,0.0
1679.0,,0.0,0.0
1680.0,,0.0,0.5106382978723404
1681.0,,0.0,0.29411764705882354
1682.0,,0.0,0.0
1683.0,,0.0,0.0
1684.0,,0.0,0.0
1685.0,,0.5641025641025641,0.0
1686.0,,0.0,0.0
1687.0,,0.0,0.0
1688.0,,0.0,0.13043478260869565
1689.0,,0.0,0.0
1690.0,,0.0,0.0
1691.0,,0.08695652173913043,0.0
1692.0,,0.0,0.0
1693.0,,0.0,0.0
1694.0,,0.5102040816326531,0.0
1695.0,,0.0,0.0
1696.0,,0.25,0.0625
1697.0,,0.75,0.0
1698.0,,0.0,0.0
1699.0,,0.0,0.0
1700.0,,0.0,0.0
1701.0,,0.0,0.0
1702.0,,0.0,0.0
1703.0,,0.0,0.18604651162790697
1704.0,,0.0,0.21428571428571427
1705.0,,0.0,0.0
1706.0,,0.11764705882352941,0.0
1707.0,,0.0,0.0
1708.0,,0.0,0.0
1709.0,,0.3684210526315789,0.16666666666666666
1710.0,,0.0,0.0
1711.0,,0.0,0.0
1712.0,,0.0,0.0
1713.0,,0.0,0.13636363636363635
1714.0,,0.0,0.0
1715.0,,0.0,0.0
1716.0,,0.45454545454545453,0.06692307692306852
1717.0,,0.07692307692307693,0.125
1718.0,,0.11538461538461539,0.0
1719.0,,0.2,0.0
1720.0,,0.0,0.0
1721.0,,0.0,0.0
1722.0,,0.0,0.0
1723.0,,0.391304347826087,0.0
1724.0,,0.6119402985074627,0.25
1725.0,,0.0,0.1111111111111111
1726.0,,0.0,0.0
